"","Indicator.Name","Series.Code","Country.Name","Country.Code","X1960","X1961","X1962","X1963","X1964","X1965","X1966","X1967","X1968","X1969","X1970","X1971","X1972","X1973","X1974","X1975","X1976","X1977","X1978","X1979","X1980","X1981","X1982","X1983","X1984","X1985","X1986","X1987","X1988","X1989","X1990","X1991","X1992","X1993","X1994","X1995","X1996","X1997","X1998","X1999","X2000","X2001","X2002","X2003","X2004","X2005","X2006","X2007","X2008","X2009","X2010","X2011","X2012","X2013","X2014","X2015","X2016","X2017","X2018","X2019"
"1","Cause of death, by communicable diseases and maternal, prenatal and nutrition conditions (% of total)","SH.DTH.COMM.ZS","Afghanistan","AFG",NA,NA,NA,NA,NA,NA,NA,NA,NA,NA,NA,NA,NA,NA,NA,NA,NA,NA,NA,NA,NA,NA,NA,NA,NA,NA,NA,NA,NA,NA,NA,NA,NA,NA,NA,NA,NA,NA,NA,NA,61.4,NA,NA,NA,NA,NA,NA,NA,NA,NA,50.2,NA,NA,NA,NA,40.6,36.4,NA,NA,NA
"2","Cause of death, by communicable diseases and maternal, prenatal and nutrition conditions (% of total)","SH.DTH.COMM.ZS","Albania","ALB",NA,NA,NA,NA,NA,NA,NA,NA,NA,NA,NA,NA,NA,NA,NA,NA,NA,NA,NA,NA,NA,NA,NA,NA,NA,NA,NA,NA,NA,NA,NA,NA,NA,NA,NA,NA,NA,NA,NA,NA,7.3,NA,NA,NA,NA,NA,NA,NA,NA,NA,3.3,NA,NA,NA,NA,2.9,2.9,NA,NA,NA
"3","Cause of death, by communicable diseases and maternal, prenatal and nutrition conditions (% of total)","SH.DTH.COMM.ZS","Algeria","DZA",NA,NA,NA,NA,NA,NA,NA,NA,NA,NA,NA,NA,NA,NA,NA,NA,NA,NA,NA,NA,NA,NA,NA,NA,NA,NA,NA,NA,NA,NA,NA,NA,NA,NA,NA,NA,NA,NA,NA,NA,19.7,NA,NA,NA,NA,NA,NA,NA,NA,NA,16.8,NA,NA,NA,NA,15.3,14.8,NA,NA,NA
"6","Cause of death, by communicable diseases and maternal, prenatal and nutrition conditions (% of total)","SH.DTH.COMM.ZS","Angola","AGO",NA,NA,NA,NA,NA,NA,NA,NA,NA,NA,NA,NA,NA,NA,NA,NA,NA,NA,NA,NA,NA,NA,NA,NA,NA,NA,NA,NA,NA,NA,NA,NA,NA,NA,NA,NA,NA,NA,NA,NA,74.7,NA,NA,NA,NA,NA,NA,NA,NA,NA,68.7,NA,NA,NA,NA,63.4,63.4,NA,NA,NA
"7","Cause of death, by communicable diseases and maternal, prenatal and nutrition conditions (% of total)","SH.DTH.COMM.ZS","Antigua and Barbuda","ATG",NA,NA,NA,NA,NA,NA,NA,NA,NA,NA,NA,NA,NA,NA,NA,NA,NA,NA,NA,NA,NA,NA,NA,NA,NA,NA,NA,NA,NA,NA,NA,NA,NA,NA,NA,NA,NA,NA,NA,NA,13.5,NA,NA,NA,NA,NA,NA,NA,NA,NA,13.2,NA,NA,NA,NA,12.6,11.9,NA,NA,NA
"8","Cause of death, by communicable diseases and maternal, prenatal and nutrition conditions (% of total)","SH.DTH.COMM.ZS","Argentina","ARG",NA,NA,NA,NA,NA,NA,NA,NA,NA,NA,NA,NA,NA,NA,NA,NA,NA,NA,NA,NA,NA,NA,NA,NA,NA,NA,NA,NA,NA,NA,NA,NA,NA,NA,NA,NA,NA,NA,NA,NA,12.2,NA,NA,NA,NA,NA,NA,NA,NA,NA,14.1,NA,NA,NA,NA,15.5,15.9,NA,NA,NA
"9","Cause of death, by communicable diseases and maternal, prenatal and nutrition conditions (% of total)","SH.DTH.COMM.ZS","Armenia","ARM",NA,NA,NA,NA,NA,NA,NA,NA,NA,NA,NA,NA,NA,NA,NA,NA,NA,NA,NA,NA,NA,NA,NA,NA,NA,NA,NA,NA,NA,NA,NA,NA,NA,NA,NA,NA,NA,NA,NA,NA,5.2,NA,NA,NA,NA,NA,NA,NA,NA,NA,4.2,NA,NA,NA,NA,3.1,2.8,NA,NA,NA
"11","Cause of death, by communicable diseases and maternal, prenatal and nutrition conditions (% of total)","SH.DTH.COMM.ZS","Australia","AUS",NA,NA,NA,NA,NA,NA,NA,NA,NA,NA,NA,NA,NA,NA,NA,NA,NA,NA,NA,NA,NA,NA,NA,NA,NA,NA,NA,NA,NA,NA,NA,NA,NA,NA,NA,NA,NA,NA,NA,NA,4.4,NA,NA,NA,NA,NA,NA,NA,NA,NA,3.9,NA,NA,NA,NA,4.4,4.6,NA,NA,NA
"12","Cause of death, by communicable diseases and maternal, prenatal and nutrition conditions (% of total)","SH.DTH.COMM.ZS","Austria","AUT",NA,NA,NA,NA,NA,NA,NA,NA,NA,NA,NA,NA,NA,NA,NA,NA,NA,NA,NA,NA,NA,NA,NA,NA,NA,NA,NA,NA,NA,NA,NA,NA,NA,NA,NA,NA,NA,NA,NA,NA,2.7,NA,NA,NA,NA,NA,NA,NA,NA,NA,2.4,NA,NA,NA,NA,2.4,2.6,NA,NA,NA
"13","Cause of death, by communicable diseases and maternal, prenatal and nutrition conditions (% of total)","SH.DTH.COMM.ZS","Azerbaijan","AZE",NA,NA,NA,NA,NA,NA,NA,NA,NA,NA,NA,NA,NA,NA,NA,NA,NA,NA,NA,NA,NA,NA,NA,NA,NA,NA,NA,NA,NA,NA,NA,NA,NA,NA,NA,NA,NA,NA,NA,NA,19.3,NA,NA,NA,NA,NA,NA,NA,NA,NA,10.9,NA,NA,NA,NA,9.1,8.8,NA,NA,NA
"14","Cause of death, by communicable diseases and maternal, prenatal and nutrition conditions (% of total)","SH.DTH.COMM.ZS","Bahamas, The","BHS",NA,NA,NA,NA,NA,NA,NA,NA,NA,NA,NA,NA,NA,NA,NA,NA,NA,NA,NA,NA,NA,NA,NA,NA,NA,NA,NA,NA,NA,NA,NA,NA,NA,NA,NA,NA,NA,NA,NA,NA,24.3,NA,NA,NA,NA,NA,NA,NA,NA,NA,16.8,NA,NA,NA,NA,15.7,16.9,NA,NA,NA
"15","Cause of death, by communicable diseases and maternal, prenatal and nutrition conditions (% of total)","SH.DTH.COMM.ZS","Bahrain","BHR",NA,NA,NA,NA,NA,NA,NA,NA,NA,NA,NA,NA,NA,NA,NA,NA,NA,NA,NA,NA,NA,NA,NA,NA,NA,NA,NA,NA,NA,NA,NA,NA,NA,NA,NA,NA,NA,NA,NA,NA,7.8,NA,NA,NA,NA,NA,NA,NA,NA,NA,7.2,NA,NA,NA,NA,7,6.9,NA,NA,NA
"16","Cause of death, by communicable diseases and maternal, prenatal and nutrition conditions (% of total)","SH.DTH.COMM.ZS","Bangladesh","BGD",NA,NA,NA,NA,NA,NA,NA,NA,NA,NA,NA,NA,NA,NA,NA,NA,NA,NA,NA,NA,NA,NA,NA,NA,NA,NA,NA,NA,NA,NA,NA,NA,NA,NA,NA,NA,NA,NA,NA,NA,50,NA,NA,NA,NA,NA,NA,NA,NA,NA,33.9,NA,NA,NA,NA,27,25.6,NA,NA,NA
"17","Cause of death, by communicable diseases and maternal, prenatal and nutrition conditions (% of total)","SH.DTH.COMM.ZS","Barbados","BRB",NA,NA,NA,NA,NA,NA,NA,NA,NA,NA,NA,NA,NA,NA,NA,NA,NA,NA,NA,NA,NA,NA,NA,NA,NA,NA,NA,NA,NA,NA,NA,NA,NA,NA,NA,NA,NA,NA,NA,NA,11.2,NA,NA,NA,NA,NA,NA,NA,NA,NA,12.5,NA,NA,NA,NA,12.9,13,NA,NA,NA
"18","Cause of death, by communicable diseases and maternal, prenatal and nutrition conditions (% of total)","SH.DTH.COMM.ZS","Belarus","BLR",NA,NA,NA,NA,NA,NA,NA,NA,NA,NA,NA,NA,NA,NA,NA,NA,NA,NA,NA,NA,NA,NA,NA,NA,NA,NA,NA,NA,NA,NA,NA,NA,NA,NA,NA,NA,NA,NA,NA,NA,2.2,NA,NA,NA,NA,NA,NA,NA,NA,NA,2.4,NA,NA,NA,NA,2.3,2.5,NA,NA,NA
"19","Cause of death, by communicable diseases and maternal, prenatal and nutrition conditions (% of total)","SH.DTH.COMM.ZS","Belgium","BEL",NA,NA,NA,NA,NA,NA,NA,NA,NA,NA,NA,NA,NA,NA,NA,NA,NA,NA,NA,NA,NA,NA,NA,NA,NA,NA,NA,NA,NA,NA,NA,NA,NA,NA,NA,NA,NA,NA,NA,NA,7.4,NA,NA,NA,NA,NA,NA,NA,NA,NA,7.2,NA,NA,NA,NA,7.8,7.9,NA,NA,NA
"20","Cause of death, by communicable diseases and maternal, prenatal and nutrition conditions (% of total)","SH.DTH.COMM.ZS","Belize","BLZ",NA,NA,NA,NA,NA,NA,NA,NA,NA,NA,NA,NA,NA,NA,NA,NA,NA,NA,NA,NA,NA,NA,NA,NA,NA,NA,NA,NA,NA,NA,NA,NA,NA,NA,NA,NA,NA,NA,NA,NA,17.1,NA,NA,NA,NA,NA,NA,NA,NA,NA,17.2,NA,NA,NA,NA,19.1,19.4,NA,NA,NA
"21","Cause of death, by communicable diseases and maternal, prenatal and nutrition conditions (% of total)","SH.DTH.COMM.ZS","Benin","BEN",NA,NA,NA,NA,NA,NA,NA,NA,NA,NA,NA,NA,NA,NA,NA,NA,NA,NA,NA,NA,NA,NA,NA,NA,NA,NA,NA,NA,NA,NA,NA,NA,NA,NA,NA,NA,NA,NA,NA,NA,65.5,NA,NA,NA,NA,NA,NA,NA,NA,NA,58.5,NA,NA,NA,NA,54.8,54.1,NA,NA,NA
"23","Cause of death, by communicable diseases and maternal, prenatal and nutrition conditions (% of total)","SH.DTH.COMM.ZS","Bhutan","BTN",NA,NA,NA,NA,NA,NA,NA,NA,NA,NA,NA,NA,NA,NA,NA,NA,NA,NA,NA,NA,NA,NA,NA,NA,NA,NA,NA,NA,NA,NA,NA,NA,NA,NA,NA,NA,NA,NA,NA,NA,37.1,NA,NA,NA,NA,NA,NA,NA,NA,NA,26,NA,NA,NA,NA,21.1,20.9,NA,NA,NA
"24","Cause of death, by communicable diseases and maternal, prenatal and nutrition conditions (% of total)","SH.DTH.COMM.ZS","Bolivia","BOL",NA,NA,NA,NA,NA,NA,NA,NA,NA,NA,NA,NA,NA,NA,NA,NA,NA,NA,NA,NA,NA,NA,NA,NA,NA,NA,NA,NA,NA,NA,NA,NA,NA,NA,NA,NA,NA,NA,NA,NA,35.6,NA,NA,NA,NA,NA,NA,NA,NA,NA,27,NA,NA,NA,NA,23.1,22.4,NA,NA,NA
"25","Cause of death, by communicable diseases and maternal, prenatal and nutrition conditions (% of total)","SH.DTH.COMM.ZS","Bosnia and Herzegovina","BIH",NA,NA,NA,NA,NA,NA,NA,NA,NA,NA,NA,NA,NA,NA,NA,NA,NA,NA,NA,NA,NA,NA,NA,NA,NA,NA,NA,NA,NA,NA,NA,NA,NA,NA,NA,NA,NA,NA,NA,NA,2.9,NA,NA,NA,NA,NA,NA,NA,NA,NA,2.1,NA,NA,NA,NA,1.8,1.8,NA,NA,NA
"26","Cause of death, by communicable diseases and maternal, prenatal and nutrition conditions (% of total)","SH.DTH.COMM.ZS","Botswana","BWA",NA,NA,NA,NA,NA,NA,NA,NA,NA,NA,NA,NA,NA,NA,NA,NA,NA,NA,NA,NA,NA,NA,NA,NA,NA,NA,NA,NA,NA,NA,NA,NA,NA,NA,NA,NA,NA,NA,NA,NA,76.8,NA,NA,NA,NA,NA,NA,NA,NA,NA,55.8,NA,NA,NA,NA,47.9,46,NA,NA,NA
"27","Cause of death, by communicable diseases and maternal, prenatal and nutrition conditions (% of total)","SH.DTH.COMM.ZS","Brazil","BRA",NA,NA,NA,NA,NA,NA,NA,NA,NA,NA,NA,NA,NA,NA,NA,NA,NA,NA,NA,NA,NA,NA,NA,NA,NA,NA,NA,NA,NA,NA,NA,NA,NA,NA,NA,NA,NA,NA,NA,NA,17.4,NA,NA,NA,NA,NA,NA,NA,NA,NA,13.5,NA,NA,NA,NA,13.8,13.9,NA,NA,NA
"29","Cause of death, by communicable diseases and maternal, prenatal and nutrition conditions (% of total)","SH.DTH.COMM.ZS","Brunei Darussalam","BRN",NA,NA,NA,NA,NA,NA,NA,NA,NA,NA,NA,NA,NA,NA,NA,NA,NA,NA,NA,NA,NA,NA,NA,NA,NA,NA,NA,NA,NA,NA,NA,NA,NA,NA,NA,NA,NA,NA,NA,NA,9.6,NA,NA,NA,NA,NA,NA,NA,NA,NA,8.3,NA,NA,NA,NA,8,7.8,NA,NA,NA
"30","Cause of death, by communicable diseases and maternal, prenatal and nutrition conditions (% of total)","SH.DTH.COMM.ZS","Bulgaria","BGR",NA,NA,NA,NA,NA,NA,NA,NA,NA,NA,NA,NA,NA,NA,NA,NA,NA,NA,NA,NA,NA,NA,NA,NA,NA,NA,NA,NA,NA,NA,NA,NA,NA,NA,NA,NA,NA,NA,NA,NA,3.3,NA,NA,NA,NA,NA,NA,NA,NA,NA,2.3,NA,NA,NA,NA,2.3,2.2,NA,NA,NA
"31","Cause of death, by communicable diseases and maternal, prenatal and nutrition conditions (% of total)","SH.DTH.COMM.ZS","Burkina Faso","BFA",NA,NA,NA,NA,NA,NA,NA,NA,NA,NA,NA,NA,NA,NA,NA,NA,NA,NA,NA,NA,NA,NA,NA,NA,NA,NA,NA,NA,NA,NA,NA,NA,NA,NA,NA,NA,NA,NA,NA,NA,74.4,NA,NA,NA,NA,NA,NA,NA,NA,NA,65,NA,NA,NA,NA,57.3,56.3,NA,NA,NA
"32","Cause of death, by communicable diseases and maternal, prenatal and nutrition conditions (% of total)","SH.DTH.COMM.ZS","Burundi","BDI",NA,NA,NA,NA,NA,NA,NA,NA,NA,NA,NA,NA,NA,NA,NA,NA,NA,NA,NA,NA,NA,NA,NA,NA,NA,NA,NA,NA,NA,NA,NA,NA,NA,NA,NA,NA,NA,NA,NA,NA,69.2,NA,NA,NA,NA,NA,NA,NA,NA,NA,62.1,NA,NA,NA,NA,56.8,55.8,NA,NA,NA
"33","Cause of death, by communicable diseases and maternal, prenatal and nutrition conditions (% of total)","SH.DTH.COMM.ZS","Cabo Verde","CPV",NA,NA,NA,NA,NA,NA,NA,NA,NA,NA,NA,NA,NA,NA,NA,NA,NA,NA,NA,NA,NA,NA,NA,NA,NA,NA,NA,NA,NA,NA,NA,NA,NA,NA,NA,NA,NA,NA,NA,NA,30.5,NA,NA,NA,NA,NA,NA,NA,NA,NA,22.8,NA,NA,NA,NA,19.8,19.5,NA,NA,NA
"34","Cause of death, by communicable diseases and maternal, prenatal and nutrition conditions (% of total)","SH.DTH.COMM.ZS","Cambodia","KHM",NA,NA,NA,NA,NA,NA,NA,NA,NA,NA,NA,NA,NA,NA,NA,NA,NA,NA,NA,NA,NA,NA,NA,NA,NA,NA,NA,NA,NA,NA,NA,NA,NA,NA,NA,NA,NA,NA,NA,NA,53.9,NA,NA,NA,NA,NA,NA,NA,NA,NA,33.1,NA,NA,NA,NA,26.7,25.6,NA,NA,NA
"35","Cause of death, by communicable diseases and maternal, prenatal and nutrition conditions (% of total)","SH.DTH.COMM.ZS","Cameroon","CMR",NA,NA,NA,NA,NA,NA,NA,NA,NA,NA,NA,NA,NA,NA,NA,NA,NA,NA,NA,NA,NA,NA,NA,NA,NA,NA,NA,NA,NA,NA,NA,NA,NA,NA,NA,NA,NA,NA,NA,NA,66.6,NA,NA,NA,NA,NA,NA,NA,NA,NA,59.8,NA,NA,NA,NA,54.8,53.9,NA,NA,NA
"36","Cause of death, by communicable diseases and maternal, prenatal and nutrition conditions (% of total)","SH.DTH.COMM.ZS","Canada","CAN",NA,NA,NA,NA,NA,NA,NA,NA,NA,NA,NA,NA,NA,NA,NA,NA,NA,NA,NA,NA,NA,NA,NA,NA,NA,NA,NA,NA,NA,NA,NA,NA,NA,NA,NA,NA,NA,NA,NA,NA,4.5,NA,NA,NA,NA,NA,NA,NA,NA,NA,5,NA,NA,NA,NA,5.5,5.6,NA,NA,NA
"38","Cause of death, by communicable diseases and maternal, prenatal and nutrition conditions (% of total)","SH.DTH.COMM.ZS","Central African Republic","CAF",NA,NA,NA,NA,NA,NA,NA,NA,NA,NA,NA,NA,NA,NA,NA,NA,NA,NA,NA,NA,NA,NA,NA,NA,NA,NA,NA,NA,NA,NA,NA,NA,NA,NA,NA,NA,NA,NA,NA,NA,74.5,NA,NA,NA,NA,NA,NA,NA,NA,NA,68.3,NA,NA,NA,NA,64.7,63.7,NA,NA,NA
"39","Cause of death, by communicable diseases and maternal, prenatal and nutrition conditions (% of total)","SH.DTH.COMM.ZS","Chad","TCD",NA,NA,NA,NA,NA,NA,NA,NA,NA,NA,NA,NA,NA,NA,NA,NA,NA,NA,NA,NA,NA,NA,NA,NA,NA,NA,NA,NA,NA,NA,NA,NA,NA,NA,NA,NA,NA,NA,NA,NA,71.6,NA,NA,NA,NA,NA,NA,NA,NA,NA,67.1,NA,NA,NA,NA,63.7,63.4,NA,NA,NA
"41","Cause of death, by communicable diseases and maternal, prenatal and nutrition conditions (% of total)","SH.DTH.COMM.ZS","Chile","CHL",NA,NA,NA,NA,NA,NA,NA,NA,NA,NA,NA,NA,NA,NA,NA,NA,NA,NA,NA,NA,NA,NA,NA,NA,NA,NA,NA,NA,NA,NA,NA,NA,NA,NA,NA,NA,NA,NA,NA,NA,10.8,NA,NA,NA,NA,NA,NA,NA,NA,NA,8.1,NA,NA,NA,NA,7.5,8.1,NA,NA,NA
"42","Cause of death, by communicable diseases and maternal, prenatal and nutrition conditions (% of total)","SH.DTH.COMM.ZS","China","CHN",NA,NA,NA,NA,NA,NA,NA,NA,NA,NA,NA,NA,NA,NA,NA,NA,NA,NA,NA,NA,NA,NA,NA,NA,NA,NA,NA,NA,NA,NA,NA,NA,NA,NA,NA,NA,NA,NA,NA,NA,8.9,NA,NA,NA,NA,NA,NA,NA,NA,NA,5,NA,NA,NA,NA,3.9,3.8,NA,NA,NA
"43","Cause of death, by communicable diseases and maternal, prenatal and nutrition conditions (% of total)","SH.DTH.COMM.ZS","Colombia","COL",NA,NA,NA,NA,NA,NA,NA,NA,NA,NA,NA,NA,NA,NA,NA,NA,NA,NA,NA,NA,NA,NA,NA,NA,NA,NA,NA,NA,NA,NA,NA,NA,NA,NA,NA,NA,NA,NA,NA,NA,12.9,NA,NA,NA,NA,NA,NA,NA,NA,NA,10.7,NA,NA,NA,NA,10.3,10.1,NA,NA,NA
"44","Cause of death, by communicable diseases and maternal, prenatal and nutrition conditions (% of total)","SH.DTH.COMM.ZS","Comoros","COM",NA,NA,NA,NA,NA,NA,NA,NA,NA,NA,NA,NA,NA,NA,NA,NA,NA,NA,NA,NA,NA,NA,NA,NA,NA,NA,NA,NA,NA,NA,NA,NA,NA,NA,NA,NA,NA,NA,NA,NA,56.5,NA,NA,NA,NA,NA,NA,NA,NA,NA,52.8,NA,NA,NA,NA,48.2,47.4,NA,NA,NA
"45","Cause of death, by communicable diseases and maternal, prenatal and nutrition conditions (% of total)","SH.DTH.COMM.ZS","Congo, Dem. Rep.","COD",NA,NA,NA,NA,NA,NA,NA,NA,NA,NA,NA,NA,NA,NA,NA,NA,NA,NA,NA,NA,NA,NA,NA,NA,NA,NA,NA,NA,NA,NA,NA,NA,NA,NA,NA,NA,NA,NA,NA,NA,72.8,NA,NA,NA,NA,NA,NA,NA,NA,NA,67.5,NA,NA,NA,NA,62.8,61.7,NA,NA,NA
"46","Cause of death, by communicable diseases and maternal, prenatal and nutrition conditions (% of total)","SH.DTH.COMM.ZS","Congo, Rep.","COG",NA,NA,NA,NA,NA,NA,NA,NA,NA,NA,NA,NA,NA,NA,NA,NA,NA,NA,NA,NA,NA,NA,NA,NA,NA,NA,NA,NA,NA,NA,NA,NA,NA,NA,NA,NA,NA,NA,NA,NA,64.8,NA,NA,NA,NA,NA,NA,NA,NA,NA,57.4,NA,NA,NA,NA,57.4,55.5,NA,NA,NA
"47","Cause of death, by communicable diseases and maternal, prenatal and nutrition conditions (% of total)","SH.DTH.COMM.ZS","Costa Rica","CRI",NA,NA,NA,NA,NA,NA,NA,NA,NA,NA,NA,NA,NA,NA,NA,NA,NA,NA,NA,NA,NA,NA,NA,NA,NA,NA,NA,NA,NA,NA,NA,NA,NA,NA,NA,NA,NA,NA,NA,NA,8.8,NA,NA,NA,NA,NA,NA,NA,NA,NA,6.6,NA,NA,NA,NA,6.5,6.4,NA,NA,NA
"48","Cause of death, by communicable diseases and maternal, prenatal and nutrition conditions (% of total)","SH.DTH.COMM.ZS","Cote d'Ivoire","CIV",NA,NA,NA,NA,NA,NA,NA,NA,NA,NA,NA,NA,NA,NA,NA,NA,NA,NA,NA,NA,NA,NA,NA,NA,NA,NA,NA,NA,NA,NA,NA,NA,NA,NA,NA,NA,NA,NA,NA,NA,69.6,NA,NA,NA,NA,NA,NA,NA,NA,NA,58.6,NA,NA,NA,NA,53.5,52.4,NA,NA,NA
"49","Cause of death, by communicable diseases and maternal, prenatal and nutrition conditions (% of total)","SH.DTH.COMM.ZS","Croatia","HRV",NA,NA,NA,NA,NA,NA,NA,NA,NA,NA,NA,NA,NA,NA,NA,NA,NA,NA,NA,NA,NA,NA,NA,NA,NA,NA,NA,NA,NA,NA,NA,NA,NA,NA,NA,NA,NA,NA,NA,NA,3.3,NA,NA,NA,NA,NA,NA,NA,NA,NA,1.6,NA,NA,NA,NA,2,2.3,NA,NA,NA
"50","Cause of death, by communicable diseases and maternal, prenatal and nutrition conditions (% of total)","SH.DTH.COMM.ZS","Cuba","CUB",NA,NA,NA,NA,NA,NA,NA,NA,NA,NA,NA,NA,NA,NA,NA,NA,NA,NA,NA,NA,NA,NA,NA,NA,NA,NA,NA,NA,NA,NA,NA,NA,NA,NA,NA,NA,NA,NA,NA,NA,8.8,NA,NA,NA,NA,NA,NA,NA,NA,NA,7.1,NA,NA,NA,NA,8.3,8.4,NA,NA,NA
"52","Cause of death, by communicable diseases and maternal, prenatal and nutrition conditions (% of total)","SH.DTH.COMM.ZS","Cyprus","CYP",NA,NA,NA,NA,NA,NA,NA,NA,NA,NA,NA,NA,NA,NA,NA,NA,NA,NA,NA,NA,NA,NA,NA,NA,NA,NA,NA,NA,NA,NA,NA,NA,NA,NA,NA,NA,NA,NA,NA,NA,4,NA,NA,NA,NA,NA,NA,NA,NA,NA,3.7,NA,NA,NA,NA,4.4,4.1,NA,NA,NA
"53","Cause of death, by communicable diseases and maternal, prenatal and nutrition conditions (% of total)","SH.DTH.COMM.ZS","Czech Republic","CZE",NA,NA,NA,NA,NA,NA,NA,NA,NA,NA,NA,NA,NA,NA,NA,NA,NA,NA,NA,NA,NA,NA,NA,NA,NA,NA,NA,NA,NA,NA,NA,NA,NA,NA,NA,NA,NA,NA,NA,NA,3.1,NA,NA,NA,NA,NA,NA,NA,NA,NA,4.6,NA,NA,NA,NA,5.1,5.4,NA,NA,NA
"54","Cause of death, by communicable diseases and maternal, prenatal and nutrition conditions (% of total)","SH.DTH.COMM.ZS","Denmark","DNK",NA,NA,NA,NA,NA,NA,NA,NA,NA,NA,NA,NA,NA,NA,NA,NA,NA,NA,NA,NA,NA,NA,NA,NA,NA,NA,NA,NA,NA,NA,NA,NA,NA,NA,NA,NA,NA,NA,NA,NA,3.7,NA,NA,NA,NA,NA,NA,NA,NA,NA,6.6,NA,NA,NA,NA,6.3,6.5,NA,NA,NA
"55","Cause of death, by communicable diseases and maternal, prenatal and nutrition conditions (% of total)","SH.DTH.COMM.ZS","Djibouti","DJI",NA,NA,NA,NA,NA,NA,NA,NA,NA,NA,NA,NA,NA,NA,NA,NA,NA,NA,NA,NA,NA,NA,NA,NA,NA,NA,NA,NA,NA,NA,NA,NA,NA,NA,NA,NA,NA,NA,NA,NA,61.3,NA,NA,NA,NA,NA,NA,NA,NA,NA,53.6,NA,NA,NA,NA,47,45.2,NA,NA,NA
"57","Cause of death, by communicable diseases and maternal, prenatal and nutrition conditions (% of total)","SH.DTH.COMM.ZS","Dominican Republic","DOM",NA,NA,NA,NA,NA,NA,NA,NA,NA,NA,NA,NA,NA,NA,NA,NA,NA,NA,NA,NA,NA,NA,NA,NA,NA,NA,NA,NA,NA,NA,NA,NA,NA,NA,NA,NA,NA,NA,NA,NA,28.4,NA,NA,NA,NA,NA,NA,NA,NA,NA,21.4,NA,NA,NA,NA,16.8,15.8,NA,NA,NA
"58","Cause of death, by communicable diseases and maternal, prenatal and nutrition conditions (% of total)","SH.DTH.COMM.ZS","Ecuador","ECU",NA,NA,NA,NA,NA,NA,NA,NA,NA,NA,NA,NA,NA,NA,NA,NA,NA,NA,NA,NA,NA,NA,NA,NA,NA,NA,NA,NA,NA,NA,NA,NA,NA,NA,NA,NA,NA,NA,NA,NA,20.9,NA,NA,NA,NA,NA,NA,NA,NA,NA,17.1,NA,NA,NA,NA,14.7,15.1,NA,NA,NA
"59","Cause of death, by communicable diseases and maternal, prenatal and nutrition conditions (% of total)","SH.DTH.COMM.ZS","Egypt, Arab Rep.","EGY",NA,NA,NA,NA,NA,NA,NA,NA,NA,NA,NA,NA,NA,NA,NA,NA,NA,NA,NA,NA,NA,NA,NA,NA,NA,NA,NA,NA,NA,NA,NA,NA,NA,NA,NA,NA,NA,NA,NA,NA,20,NA,NA,NA,NA,NA,NA,NA,NA,NA,12.3,NA,NA,NA,NA,10.5,10.2,NA,NA,NA
"60","Cause of death, by communicable diseases and maternal, prenatal and nutrition conditions (% of total)","SH.DTH.COMM.ZS","El Salvador","SLV",NA,NA,NA,NA,NA,NA,NA,NA,NA,NA,NA,NA,NA,NA,NA,NA,NA,NA,NA,NA,NA,NA,NA,NA,NA,NA,NA,NA,NA,NA,NA,NA,NA,NA,NA,NA,NA,NA,NA,NA,18.5,NA,NA,NA,NA,NA,NA,NA,NA,NA,11.8,NA,NA,NA,NA,10.9,10.8,NA,NA,NA
"61","Cause of death, by communicable diseases and maternal, prenatal and nutrition conditions (% of total)","SH.DTH.COMM.ZS","Equatorial Guinea","GNQ",NA,NA,NA,NA,NA,NA,NA,NA,NA,NA,NA,NA,NA,NA,NA,NA,NA,NA,NA,NA,NA,NA,NA,NA,NA,NA,NA,NA,NA,NA,NA,NA,NA,NA,NA,NA,NA,NA,NA,NA,61.4,NA,NA,NA,NA,NA,NA,NA,NA,NA,55.5,NA,NA,NA,NA,53.2,53.4,NA,NA,NA
"62","Cause of death, by communicable diseases and maternal, prenatal and nutrition conditions (% of total)","SH.DTH.COMM.ZS","Eritrea","ERI",NA,NA,NA,NA,NA,NA,NA,NA,NA,NA,NA,NA,NA,NA,NA,NA,NA,NA,NA,NA,NA,NA,NA,NA,NA,NA,NA,NA,NA,NA,NA,NA,NA,NA,NA,NA,NA,NA,NA,NA,35,NA,NA,NA,NA,NA,NA,NA,NA,NA,47.6,NA,NA,NA,NA,43.8,42.9,NA,NA,NA
"63","Cause of death, by communicable diseases and maternal, prenatal and nutrition conditions (% of total)","SH.DTH.COMM.ZS","Estonia","EST",NA,NA,NA,NA,NA,NA,NA,NA,NA,NA,NA,NA,NA,NA,NA,NA,NA,NA,NA,NA,NA,NA,NA,NA,NA,NA,NA,NA,NA,NA,NA,NA,NA,NA,NA,NA,NA,NA,NA,NA,3,NA,NA,NA,NA,NA,NA,NA,NA,NA,2,NA,NA,NA,NA,2.8,2.8,NA,NA,NA
"64","Cause of death, by communicable diseases and maternal, prenatal and nutrition conditions (% of total)","SH.DTH.COMM.ZS","Eswatini","SWZ",NA,NA,NA,NA,NA,NA,NA,NA,NA,NA,NA,NA,NA,NA,NA,NA,NA,NA,NA,NA,NA,NA,NA,NA,NA,NA,NA,NA,NA,NA,NA,NA,NA,NA,NA,NA,NA,NA,NA,NA,69.8,NA,NA,NA,NA,NA,NA,NA,NA,NA,65.8,NA,NA,NA,NA,54.7,53.7,NA,NA,NA
"65","Cause of death, by communicable diseases and maternal, prenatal and nutrition conditions (% of total)","SH.DTH.COMM.ZS","Ethiopia","ETH",NA,NA,NA,NA,NA,NA,NA,NA,NA,NA,NA,NA,NA,NA,NA,NA,NA,NA,NA,NA,NA,NA,NA,NA,NA,NA,NA,NA,NA,NA,NA,NA,NA,NA,NA,NA,NA,NA,NA,NA,70.3,NA,NA,NA,NA,NA,NA,NA,NA,NA,58.3,NA,NA,NA,NA,51,49,NA,NA,NA
"67","Cause of death, by communicable diseases and maternal, prenatal and nutrition conditions (% of total)","SH.DTH.COMM.ZS","Fiji","FJI",NA,NA,NA,NA,NA,NA,NA,NA,NA,NA,NA,NA,NA,NA,NA,NA,NA,NA,NA,NA,NA,NA,NA,NA,NA,NA,NA,NA,NA,NA,NA,NA,NA,NA,NA,NA,NA,NA,NA,NA,14.6,NA,NA,NA,NA,NA,NA,NA,NA,NA,11.7,NA,NA,NA,NA,10.3,10.1,NA,NA,NA
"68","Cause of death, by communicable diseases and maternal, prenatal and nutrition conditions (% of total)","SH.DTH.COMM.ZS","Finland","FIN",NA,NA,NA,NA,NA,NA,NA,NA,NA,NA,NA,NA,NA,NA,NA,NA,NA,NA,NA,NA,NA,NA,NA,NA,NA,NA,NA,NA,NA,NA,NA,NA,NA,NA,NA,NA,NA,NA,NA,NA,6.9,NA,NA,NA,NA,NA,NA,NA,NA,NA,1.9,NA,NA,NA,NA,1.2,1.3,NA,NA,NA
"69","Cause of death, by communicable diseases and maternal, prenatal and nutrition conditions (% of total)","SH.DTH.COMM.ZS","France","FRA",NA,NA,NA,NA,NA,NA,NA,NA,NA,NA,NA,NA,NA,NA,NA,NA,NA,NA,NA,NA,NA,NA,NA,NA,NA,NA,NA,NA,NA,NA,NA,NA,NA,NA,NA,NA,NA,NA,NA,NA,6.4,NA,NA,NA,NA,NA,NA,NA,NA,NA,5.8,NA,NA,NA,NA,6,6,NA,NA,NA
"71","Cause of death, by communicable diseases and maternal, prenatal and nutrition conditions (% of total)","SH.DTH.COMM.ZS","Gabon","GAB",NA,NA,NA,NA,NA,NA,NA,NA,NA,NA,NA,NA,NA,NA,NA,NA,NA,NA,NA,NA,NA,NA,NA,NA,NA,NA,NA,NA,NA,NA,NA,NA,NA,NA,NA,NA,NA,NA,NA,NA,59.5,NA,NA,NA,NA,NA,NA,NA,NA,NA,57,NA,NA,NA,NA,49.9,49.9,NA,NA,NA
"72","Cause of death, by communicable diseases and maternal, prenatal and nutrition conditions (% of total)","SH.DTH.COMM.ZS","Gambia, The","GMB",NA,NA,NA,NA,NA,NA,NA,NA,NA,NA,NA,NA,NA,NA,NA,NA,NA,NA,NA,NA,NA,NA,NA,NA,NA,NA,NA,NA,NA,NA,NA,NA,NA,NA,NA,NA,NA,NA,NA,NA,63.4,NA,NA,NA,NA,NA,NA,NA,NA,NA,58.9,NA,NA,NA,NA,55.2,54.8,NA,NA,NA
"73","Cause of death, by communicable diseases and maternal, prenatal and nutrition conditions (% of total)","SH.DTH.COMM.ZS","Georgia","GEO",NA,NA,NA,NA,NA,NA,NA,NA,NA,NA,NA,NA,NA,NA,NA,NA,NA,NA,NA,NA,NA,NA,NA,NA,NA,NA,NA,NA,NA,NA,NA,NA,NA,NA,NA,NA,NA,NA,NA,NA,5.1,NA,NA,NA,NA,NA,NA,NA,NA,NA,3.2,NA,NA,NA,NA,2.8,2.7,NA,NA,NA
"74","Cause of death, by communicable diseases and maternal, prenatal and nutrition conditions (% of total)","SH.DTH.COMM.ZS","Germany","DEU",NA,NA,NA,NA,NA,NA,NA,NA,NA,NA,NA,NA,NA,NA,NA,NA,NA,NA,NA,NA,NA,NA,NA,NA,NA,NA,NA,NA,NA,NA,NA,NA,NA,NA,NA,NA,NA,NA,NA,NA,3.9,NA,NA,NA,NA,NA,NA,NA,NA,NA,4.6,NA,NA,NA,NA,4.9,4.8,NA,NA,NA
"75","Cause of death, by communicable diseases and maternal, prenatal and nutrition conditions (% of total)","SH.DTH.COMM.ZS","Ghana","GHA",NA,NA,NA,NA,NA,NA,NA,NA,NA,NA,NA,NA,NA,NA,NA,NA,NA,NA,NA,NA,NA,NA,NA,NA,NA,NA,NA,NA,NA,NA,NA,NA,NA,NA,NA,NA,NA,NA,NA,NA,65.9,NA,NA,NA,NA,NA,NA,NA,NA,NA,54.4,NA,NA,NA,NA,48.4,47.5,NA,NA,NA
"77","Cause of death, by communicable diseases and maternal, prenatal and nutrition conditions (% of total)","SH.DTH.COMM.ZS","Greece","GRC",NA,NA,NA,NA,NA,NA,NA,NA,NA,NA,NA,NA,NA,NA,NA,NA,NA,NA,NA,NA,NA,NA,NA,NA,NA,NA,NA,NA,NA,NA,NA,NA,NA,NA,NA,NA,NA,NA,NA,NA,3.9,NA,NA,NA,NA,NA,NA,NA,NA,NA,5.7,NA,NA,NA,NA,9.8,10.9,NA,NA,NA
"79","Cause of death, by communicable diseases and maternal, prenatal and nutrition conditions (% of total)","SH.DTH.COMM.ZS","Grenada","GRD",NA,NA,NA,NA,NA,NA,NA,NA,NA,NA,NA,NA,NA,NA,NA,NA,NA,NA,NA,NA,NA,NA,NA,NA,NA,NA,NA,NA,NA,NA,NA,NA,NA,NA,NA,NA,NA,NA,NA,NA,14.6,NA,NA,NA,NA,NA,NA,NA,NA,NA,10.7,NA,NA,NA,NA,13,11.9,NA,NA,NA
"81","Cause of death, by communicable diseases and maternal, prenatal and nutrition conditions (% of total)","SH.DTH.COMM.ZS","Guatemala","GTM",NA,NA,NA,NA,NA,NA,NA,NA,NA,NA,NA,NA,NA,NA,NA,NA,NA,NA,NA,NA,NA,NA,NA,NA,NA,NA,NA,NA,NA,NA,NA,NA,NA,NA,NA,NA,NA,NA,NA,NA,43.9,NA,NA,NA,NA,NA,NA,NA,NA,NA,29.5,NA,NA,NA,NA,24.8,25.1,NA,NA,NA
"82","Cause of death, by communicable diseases and maternal, prenatal and nutrition conditions (% of total)","SH.DTH.COMM.ZS","Guinea","GIN",NA,NA,NA,NA,NA,NA,NA,NA,NA,NA,NA,NA,NA,NA,NA,NA,NA,NA,NA,NA,NA,NA,NA,NA,NA,NA,NA,NA,NA,NA,NA,NA,NA,NA,NA,NA,NA,NA,NA,NA,70.3,NA,NA,NA,NA,NA,NA,NA,NA,NA,59.5,NA,NA,NA,NA,57.9,55.7,NA,NA,NA
"83","Cause of death, by communicable diseases and maternal, prenatal and nutrition conditions (% of total)","SH.DTH.COMM.ZS","Guinea-Bissau","GNB",NA,NA,NA,NA,NA,NA,NA,NA,NA,NA,NA,NA,NA,NA,NA,NA,NA,NA,NA,NA,NA,NA,NA,NA,NA,NA,NA,NA,NA,NA,NA,NA,NA,NA,NA,NA,NA,NA,NA,NA,69.7,NA,NA,NA,NA,NA,NA,NA,NA,NA,65.5,NA,NA,NA,NA,64.2,62.1,NA,NA,NA
"84","Cause of death, by communicable diseases and maternal, prenatal and nutrition conditions (% of total)","SH.DTH.COMM.ZS","Guyana","GUY",NA,NA,NA,NA,NA,NA,NA,NA,NA,NA,NA,NA,NA,NA,NA,NA,NA,NA,NA,NA,NA,NA,NA,NA,NA,NA,NA,NA,NA,NA,NA,NA,NA,NA,NA,NA,NA,NA,NA,NA,28.8,NA,NA,NA,NA,NA,NA,NA,NA,NA,21.3,NA,NA,NA,NA,20.2,20,NA,NA,NA
"85","Cause of death, by communicable diseases and maternal, prenatal and nutrition conditions (% of total)","SH.DTH.COMM.ZS","Haiti","HTI",NA,NA,NA,NA,NA,NA,NA,NA,NA,NA,NA,NA,NA,NA,NA,NA,NA,NA,NA,NA,NA,NA,NA,NA,NA,NA,NA,NA,NA,NA,NA,NA,NA,NA,NA,NA,NA,NA,NA,NA,47.4,NA,NA,NA,NA,NA,NA,NA,NA,NA,12.3,NA,NA,NA,NA,31.3,30.3,NA,NA,NA
"86","Cause of death, by communicable diseases and maternal, prenatal and nutrition conditions (% of total)","SH.DTH.COMM.ZS","Honduras","HND",NA,NA,NA,NA,NA,NA,NA,NA,NA,NA,NA,NA,NA,NA,NA,NA,NA,NA,NA,NA,NA,NA,NA,NA,NA,NA,NA,NA,NA,NA,NA,NA,NA,NA,NA,NA,NA,NA,NA,NA,32.6,NA,NA,NA,NA,NA,NA,NA,NA,NA,18.7,NA,NA,NA,NA,14.6,14,NA,NA,NA
"88","Cause of death, by communicable diseases and maternal, prenatal and nutrition conditions (% of total)","SH.DTH.COMM.ZS","Hungary","HUN",NA,NA,NA,NA,NA,NA,NA,NA,NA,NA,NA,NA,NA,NA,NA,NA,NA,NA,NA,NA,NA,NA,NA,NA,NA,NA,NA,NA,NA,NA,NA,NA,NA,NA,NA,NA,NA,NA,NA,NA,1.8,NA,NA,NA,NA,NA,NA,NA,NA,NA,1.5,NA,NA,NA,NA,2,1.8,NA,NA,NA
"89","Cause of death, by communicable diseases and maternal, prenatal and nutrition conditions (% of total)","SH.DTH.COMM.ZS","Iceland","ISL",NA,NA,NA,NA,NA,NA,NA,NA,NA,NA,NA,NA,NA,NA,NA,NA,NA,NA,NA,NA,NA,NA,NA,NA,NA,NA,NA,NA,NA,NA,NA,NA,NA,NA,NA,NA,NA,NA,NA,NA,5.9,NA,NA,NA,NA,NA,NA,NA,NA,NA,4.6,NA,NA,NA,NA,4.5,4.4,NA,NA,NA
"90","Cause of death, by communicable diseases and maternal, prenatal and nutrition conditions (% of total)","SH.DTH.COMM.ZS","India","IND",NA,NA,NA,NA,NA,NA,NA,NA,NA,NA,NA,NA,NA,NA,NA,NA,NA,NA,NA,NA,NA,NA,NA,NA,NA,NA,NA,NA,NA,NA,NA,NA,NA,NA,NA,NA,NA,NA,NA,NA,43.8,NA,NA,NA,NA,NA,NA,NA,NA,NA,33,NA,NA,NA,NA,27,26,NA,NA,NA
"91","Cause of death, by communicable diseases and maternal, prenatal and nutrition conditions (% of total)","SH.DTH.COMM.ZS","Indonesia","IDN",NA,NA,NA,NA,NA,NA,NA,NA,NA,NA,NA,NA,NA,NA,NA,NA,NA,NA,NA,NA,NA,NA,NA,NA,NA,NA,NA,NA,NA,NA,NA,NA,NA,NA,NA,NA,NA,NA,NA,NA,31.6,NA,NA,NA,NA,NA,NA,NA,NA,NA,24.5,NA,NA,NA,NA,21.5,20.7,NA,NA,NA
"92","Cause of death, by communicable diseases and maternal, prenatal and nutrition conditions (% of total)","SH.DTH.COMM.ZS","Iran, Islamic Rep.","IRN",NA,NA,NA,NA,NA,NA,NA,NA,NA,NA,NA,NA,NA,NA,NA,NA,NA,NA,NA,NA,NA,NA,NA,NA,NA,NA,NA,NA,NA,NA,NA,NA,NA,NA,NA,NA,NA,NA,NA,NA,12.9,NA,NA,NA,NA,NA,NA,NA,NA,NA,9.1,NA,NA,NA,NA,8.2,7.9,NA,NA,NA
"93","Cause of death, by communicable diseases and maternal, prenatal and nutrition conditions (% of total)","SH.DTH.COMM.ZS","Iraq","IRQ",NA,NA,NA,NA,NA,NA,NA,NA,NA,NA,NA,NA,NA,NA,NA,NA,NA,NA,NA,NA,NA,NA,NA,NA,NA,NA,NA,NA,NA,NA,NA,NA,NA,NA,NA,NA,NA,NA,NA,NA,25.8,NA,NA,NA,NA,NA,NA,NA,NA,NA,22.8,NA,NA,NA,NA,17,16.8,NA,NA,NA
"94","Cause of death, by communicable diseases and maternal, prenatal and nutrition conditions (% of total)","SH.DTH.COMM.ZS","Ireland","IRL",NA,NA,NA,NA,NA,NA,NA,NA,NA,NA,NA,NA,NA,NA,NA,NA,NA,NA,NA,NA,NA,NA,NA,NA,NA,NA,NA,NA,NA,NA,NA,NA,NA,NA,NA,NA,NA,NA,NA,NA,9.6,NA,NA,NA,NA,NA,NA,NA,NA,NA,6.2,NA,NA,NA,NA,5.2,5.1,NA,NA,NA
"96","Cause of death, by communicable diseases and maternal, prenatal and nutrition conditions (% of total)","SH.DTH.COMM.ZS","Israel","ISR",NA,NA,NA,NA,NA,NA,NA,NA,NA,NA,NA,NA,NA,NA,NA,NA,NA,NA,NA,NA,NA,NA,NA,NA,NA,NA,NA,NA,NA,NA,NA,NA,NA,NA,NA,NA,NA,NA,NA,NA,6.7,NA,NA,NA,NA,NA,NA,NA,NA,NA,7.7,NA,NA,NA,NA,10,10,NA,NA,NA
"97","Cause of death, by communicable diseases and maternal, prenatal and nutrition conditions (% of total)","SH.DTH.COMM.ZS","Italy","ITA",NA,NA,NA,NA,NA,NA,NA,NA,NA,NA,NA,NA,NA,NA,NA,NA,NA,NA,NA,NA,NA,NA,NA,NA,NA,NA,NA,NA,NA,NA,NA,NA,NA,NA,NA,NA,NA,NA,NA,NA,3.4,NA,NA,NA,NA,NA,NA,NA,NA,NA,3.2,NA,NA,NA,NA,4.7,4.9,NA,NA,NA
"98","Cause of death, by communicable diseases and maternal, prenatal and nutrition conditions (% of total)","SH.DTH.COMM.ZS","Jamaica","JAM",NA,NA,NA,NA,NA,NA,NA,NA,NA,NA,NA,NA,NA,NA,NA,NA,NA,NA,NA,NA,NA,NA,NA,NA,NA,NA,NA,NA,NA,NA,NA,NA,NA,NA,NA,NA,NA,NA,NA,NA,17.7,NA,NA,NA,NA,NA,NA,NA,NA,NA,12.9,NA,NA,NA,NA,11,11.2,NA,NA,NA
"99","Cause of death, by communicable diseases and maternal, prenatal and nutrition conditions (% of total)","SH.DTH.COMM.ZS","Japan","JPN",NA,NA,NA,NA,NA,NA,NA,NA,NA,NA,NA,NA,NA,NA,NA,NA,NA,NA,NA,NA,NA,NA,NA,NA,NA,NA,NA,NA,NA,NA,NA,NA,NA,NA,NA,NA,NA,NA,NA,NA,11.9,NA,NA,NA,NA,NA,NA,NA,NA,NA,13,NA,NA,NA,NA,12.8,12.7,NA,NA,NA
"100","Cause of death, by communicable diseases and maternal, prenatal and nutrition conditions (% of total)","SH.DTH.COMM.ZS","Jordan","JOR",NA,NA,NA,NA,NA,NA,NA,NA,NA,NA,NA,NA,NA,NA,NA,NA,NA,NA,NA,NA,NA,NA,NA,NA,NA,NA,NA,NA,NA,NA,NA,NA,NA,NA,NA,NA,NA,NA,NA,NA,17.7,NA,NA,NA,NA,NA,NA,NA,NA,NA,13.3,NA,NA,NA,NA,11.1,10.7,NA,NA,NA
"101","Cause of death, by communicable diseases and maternal, prenatal and nutrition conditions (% of total)","SH.DTH.COMM.ZS","Kazakhstan","KAZ",NA,NA,NA,NA,NA,NA,NA,NA,NA,NA,NA,NA,NA,NA,NA,NA,NA,NA,NA,NA,NA,NA,NA,NA,NA,NA,NA,NA,NA,NA,NA,NA,NA,NA,NA,NA,NA,NA,NA,NA,9.9,NA,NA,NA,NA,NA,NA,NA,NA,NA,6.8,NA,NA,NA,NA,5,4.5,NA,NA,NA
"102","Cause of death, by communicable diseases and maternal, prenatal and nutrition conditions (% of total)","SH.DTH.COMM.ZS","Kenya","KEN",NA,NA,NA,NA,NA,NA,NA,NA,NA,NA,NA,NA,NA,NA,NA,NA,NA,NA,NA,NA,NA,NA,NA,NA,NA,NA,NA,NA,NA,NA,NA,NA,NA,NA,NA,NA,NA,NA,NA,NA,78.1,NA,NA,NA,NA,NA,NA,NA,NA,NA,71.5,NA,NA,NA,NA,65.2,63.3,NA,NA,NA
"103","Cause of death, by communicable diseases and maternal, prenatal and nutrition conditions (% of total)","SH.DTH.COMM.ZS","Kiribati","KIR",NA,NA,NA,NA,NA,NA,NA,NA,NA,NA,NA,NA,NA,NA,NA,NA,NA,NA,NA,NA,NA,NA,NA,NA,NA,NA,NA,NA,NA,NA,NA,NA,NA,NA,NA,NA,NA,NA,NA,NA,38.5,NA,NA,NA,NA,NA,NA,NA,NA,NA,32.9,NA,NA,NA,NA,29.5,28.7,NA,NA,NA
"104","Cause of death, by communicable diseases and maternal, prenatal and nutrition conditions (% of total)","SH.DTH.COMM.ZS","Korea, Dem. People’s Rep.","PRK",NA,NA,NA,NA,NA,NA,NA,NA,NA,NA,NA,NA,NA,NA,NA,NA,NA,NA,NA,NA,NA,NA,NA,NA,NA,NA,NA,NA,NA,NA,NA,NA,NA,NA,NA,NA,NA,NA,NA,NA,43.1,NA,NA,NA,NA,NA,NA,NA,NA,NA,15.3,NA,NA,NA,NA,9.6,9.5,NA,NA,NA
"105","Cause of death, by communicable diseases and maternal, prenatal and nutrition conditions (% of total)","SH.DTH.COMM.ZS","Korea, Rep.","KOR",NA,NA,NA,NA,NA,NA,NA,NA,NA,NA,NA,NA,NA,NA,NA,NA,NA,NA,NA,NA,NA,NA,NA,NA,NA,NA,NA,NA,NA,NA,NA,NA,NA,NA,NA,NA,NA,NA,NA,NA,6.7,NA,NA,NA,NA,NA,NA,NA,NA,NA,7.1,NA,NA,NA,NA,9.7,10.1,NA,NA,NA
"107","Cause of death, by communicable diseases and maternal, prenatal and nutrition conditions (% of total)","SH.DTH.COMM.ZS","Kuwait","KWT",NA,NA,NA,NA,NA,NA,NA,NA,NA,NA,NA,NA,NA,NA,NA,NA,NA,NA,NA,NA,NA,NA,NA,NA,NA,NA,NA,NA,NA,NA,NA,NA,NA,NA,NA,NA,NA,NA,NA,NA,9.3,NA,NA,NA,NA,NA,NA,NA,NA,NA,11.2,NA,NA,NA,NA,14.7,14.8,NA,NA,NA
"108","Cause of death, by communicable diseases and maternal, prenatal and nutrition conditions (% of total)","SH.DTH.COMM.ZS","Kyrgyz Republic","KGZ",NA,NA,NA,NA,NA,NA,NA,NA,NA,NA,NA,NA,NA,NA,NA,NA,NA,NA,NA,NA,NA,NA,NA,NA,NA,NA,NA,NA,NA,NA,NA,NA,NA,NA,NA,NA,NA,NA,NA,NA,17.5,NA,NA,NA,NA,NA,NA,NA,NA,NA,11.9,NA,NA,NA,NA,10,9.6,NA,NA,NA
"109","Cause of death, by communicable diseases and maternal, prenatal and nutrition conditions (% of total)","SH.DTH.COMM.ZS","Lao PDR","LAO",NA,NA,NA,NA,NA,NA,NA,NA,NA,NA,NA,NA,NA,NA,NA,NA,NA,NA,NA,NA,NA,NA,NA,NA,NA,NA,NA,NA,NA,NA,NA,NA,NA,NA,NA,NA,NA,NA,NA,NA,53.3,NA,NA,NA,NA,NA,NA,NA,NA,NA,39.5,NA,NA,NA,NA,33,31.4,NA,NA,NA
"110","Cause of death, by communicable diseases and maternal, prenatal and nutrition conditions (% of total)","SH.DTH.COMM.ZS","Latvia","LVA",NA,NA,NA,NA,NA,NA,NA,NA,NA,NA,NA,NA,NA,NA,NA,NA,NA,NA,NA,NA,NA,NA,NA,NA,NA,NA,NA,NA,NA,NA,NA,NA,NA,NA,NA,NA,NA,NA,NA,NA,3,NA,NA,NA,NA,NA,NA,NA,NA,NA,2.3,NA,NA,NA,NA,2.5,2.7,NA,NA,NA
"111","Cause of death, by communicable diseases and maternal, prenatal and nutrition conditions (% of total)","SH.DTH.COMM.ZS","Lebanon","LBN",NA,NA,NA,NA,NA,NA,NA,NA,NA,NA,NA,NA,NA,NA,NA,NA,NA,NA,NA,NA,NA,NA,NA,NA,NA,NA,NA,NA,NA,NA,NA,NA,NA,NA,NA,NA,NA,NA,NA,NA,7.1,NA,NA,NA,NA,NA,NA,NA,NA,NA,4.1,NA,NA,NA,NA,3.7,3.6,NA,NA,NA
"112","Cause of death, by communicable diseases and maternal, prenatal and nutrition conditions (% of total)","SH.DTH.COMM.ZS","Lesotho","LSO",NA,NA,NA,NA,NA,NA,NA,NA,NA,NA,NA,NA,NA,NA,NA,NA,NA,NA,NA,NA,NA,NA,NA,NA,NA,NA,NA,NA,NA,NA,NA,NA,NA,NA,NA,NA,NA,NA,NA,NA,64.1,NA,NA,NA,NA,NA,NA,NA,NA,NA,59.3,NA,NA,NA,NA,60.7,59.3,NA,NA,NA
"113","Cause of death, by communicable diseases and maternal, prenatal and nutrition conditions (% of total)","SH.DTH.COMM.ZS","Liberia","LBR",NA,NA,NA,NA,NA,NA,NA,NA,NA,NA,NA,NA,NA,NA,NA,NA,NA,NA,NA,NA,NA,NA,NA,NA,NA,NA,NA,NA,NA,NA,NA,NA,NA,NA,NA,NA,NA,NA,NA,NA,76.2,NA,NA,NA,NA,NA,NA,NA,NA,NA,64.4,NA,NA,NA,NA,60.9,58.5,NA,NA,NA
"114","Cause of death, by communicable diseases and maternal, prenatal and nutrition conditions (% of total)","SH.DTH.COMM.ZS","Libya","LBY",NA,NA,NA,NA,NA,NA,NA,NA,NA,NA,NA,NA,NA,NA,NA,NA,NA,NA,NA,NA,NA,NA,NA,NA,NA,NA,NA,NA,NA,NA,NA,NA,NA,NA,NA,NA,NA,NA,NA,NA,13.9,NA,NA,NA,NA,NA,NA,NA,NA,NA,9.7,NA,NA,NA,NA,8.4,8,NA,NA,NA
"116","Cause of death, by communicable diseases and maternal, prenatal and nutrition conditions (% of total)","SH.DTH.COMM.ZS","Lithuania","LTU",NA,NA,NA,NA,NA,NA,NA,NA,NA,NA,NA,NA,NA,NA,NA,NA,NA,NA,NA,NA,NA,NA,NA,NA,NA,NA,NA,NA,NA,NA,NA,NA,NA,NA,NA,NA,NA,NA,NA,NA,2.8,NA,NA,NA,NA,NA,NA,NA,NA,NA,2.4,NA,NA,NA,NA,3.3,3.6,NA,NA,NA
"117","Cause of death, by communicable diseases and maternal, prenatal and nutrition conditions (% of total)","SH.DTH.COMM.ZS","Luxembourg","LUX",NA,NA,NA,NA,NA,NA,NA,NA,NA,NA,NA,NA,NA,NA,NA,NA,NA,NA,NA,NA,NA,NA,NA,NA,NA,NA,NA,NA,NA,NA,NA,NA,NA,NA,NA,NA,NA,NA,NA,NA,4.5,NA,NA,NA,NA,NA,NA,NA,NA,NA,6.1,NA,NA,NA,NA,4.8,4.9,NA,NA,NA
"119","Cause of death, by communicable diseases and maternal, prenatal and nutrition conditions (% of total)","SH.DTH.COMM.ZS","Madagascar","MDG",NA,NA,NA,NA,NA,NA,NA,NA,NA,NA,NA,NA,NA,NA,NA,NA,NA,NA,NA,NA,NA,NA,NA,NA,NA,NA,NA,NA,NA,NA,NA,NA,NA,NA,NA,NA,NA,NA,NA,NA,61.3,NA,NA,NA,NA,NA,NA,NA,NA,NA,50.8,NA,NA,NA,NA,47.2,46.2,NA,NA,NA
"120","Cause of death, by communicable diseases and maternal, prenatal and nutrition conditions (% of total)","SH.DTH.COMM.ZS","Malawi","MWI",NA,NA,NA,NA,NA,NA,NA,NA,NA,NA,NA,NA,NA,NA,NA,NA,NA,NA,NA,NA,NA,NA,NA,NA,NA,NA,NA,NA,NA,NA,NA,NA,NA,NA,NA,NA,NA,NA,NA,NA,77.9,NA,NA,NA,NA,NA,NA,NA,NA,NA,71.2,NA,NA,NA,NA,61.7,59.7,NA,NA,NA
"121","Cause of death, by communicable diseases and maternal, prenatal and nutrition conditions (% of total)","SH.DTH.COMM.ZS","Malaysia","MYS",NA,NA,NA,NA,NA,NA,NA,NA,NA,NA,NA,NA,NA,NA,NA,NA,NA,NA,NA,NA,NA,NA,NA,NA,NA,NA,NA,NA,NA,NA,NA,NA,NA,NA,NA,NA,NA,NA,NA,NA,21.5,NA,NA,NA,NA,NA,NA,NA,NA,NA,19.5,NA,NA,NA,NA,18,17.5,NA,NA,NA
"122","Cause of death, by communicable diseases and maternal, prenatal and nutrition conditions (% of total)","SH.DTH.COMM.ZS","Maldives","MDV",NA,NA,NA,NA,NA,NA,NA,NA,NA,NA,NA,NA,NA,NA,NA,NA,NA,NA,NA,NA,NA,NA,NA,NA,NA,NA,NA,NA,NA,NA,NA,NA,NA,NA,NA,NA,NA,NA,NA,NA,19.8,NA,NA,NA,NA,NA,NA,NA,NA,NA,9.3,NA,NA,NA,NA,8.3,8,NA,NA,NA
"123","Cause of death, by communicable diseases and maternal, prenatal and nutrition conditions (% of total)","SH.DTH.COMM.ZS","Mali","MLI",NA,NA,NA,NA,NA,NA,NA,NA,NA,NA,NA,NA,NA,NA,NA,NA,NA,NA,NA,NA,NA,NA,NA,NA,NA,NA,NA,NA,NA,NA,NA,NA,NA,NA,NA,NA,NA,NA,NA,NA,70.6,NA,NA,NA,NA,NA,NA,NA,NA,NA,64.8,NA,NA,NA,NA,61.5,60.6,NA,NA,NA
"124","Cause of death, by communicable diseases and maternal, prenatal and nutrition conditions (% of total)","SH.DTH.COMM.ZS","Malta","MLT",NA,NA,NA,NA,NA,NA,NA,NA,NA,NA,NA,NA,NA,NA,NA,NA,NA,NA,NA,NA,NA,NA,NA,NA,NA,NA,NA,NA,NA,NA,NA,NA,NA,NA,NA,NA,NA,NA,NA,NA,8,NA,NA,NA,NA,NA,NA,NA,NA,NA,5.2,NA,NA,NA,NA,6,6.4,NA,NA,NA
"126","Cause of death, by communicable diseases and maternal, prenatal and nutrition conditions (% of total)","SH.DTH.COMM.ZS","Mauritania","MRT",NA,NA,NA,NA,NA,NA,NA,NA,NA,NA,NA,NA,NA,NA,NA,NA,NA,NA,NA,NA,NA,NA,NA,NA,NA,NA,NA,NA,NA,NA,NA,NA,NA,NA,NA,NA,NA,NA,NA,NA,64.8,NA,NA,NA,NA,NA,NA,NA,NA,NA,60.3,NA,NA,NA,NA,54.4,53.4,NA,NA,NA
"127","Cause of death, by communicable diseases and maternal, prenatal and nutrition conditions (% of total)","SH.DTH.COMM.ZS","Mauritius","MUS",NA,NA,NA,NA,NA,NA,NA,NA,NA,NA,NA,NA,NA,NA,NA,NA,NA,NA,NA,NA,NA,NA,NA,NA,NA,NA,NA,NA,NA,NA,NA,NA,NA,NA,NA,NA,NA,NA,NA,NA,7.7,NA,NA,NA,NA,NA,NA,NA,NA,NA,7.9,NA,NA,NA,NA,6.8,6.5,NA,NA,NA
"128","Cause of death, by communicable diseases and maternal, prenatal and nutrition conditions (% of total)","SH.DTH.COMM.ZS","Mexico","MEX",NA,NA,NA,NA,NA,NA,NA,NA,NA,NA,NA,NA,NA,NA,NA,NA,NA,NA,NA,NA,NA,NA,NA,NA,NA,NA,NA,NA,NA,NA,NA,NA,NA,NA,NA,NA,NA,NA,NA,NA,17.7,NA,NA,NA,NA,NA,NA,NA,NA,NA,11.1,NA,NA,NA,NA,9.7,9.8,NA,NA,NA
"129","Cause of death, by communicable diseases and maternal, prenatal and nutrition conditions (% of total)","SH.DTH.COMM.ZS","Micronesia, Fed. Sts.","FSM",NA,NA,NA,NA,NA,NA,NA,NA,NA,NA,NA,NA,NA,NA,NA,NA,NA,NA,NA,NA,NA,NA,NA,NA,NA,NA,NA,NA,NA,NA,NA,NA,NA,NA,NA,NA,NA,NA,NA,NA,29.2,NA,NA,NA,NA,NA,NA,NA,NA,NA,21.4,NA,NA,NA,NA,17.8,18.5,NA,NA,NA
"130","Cause of death, by communicable diseases and maternal, prenatal and nutrition conditions (% of total)","SH.DTH.COMM.ZS","Moldova","MDA",NA,NA,NA,NA,NA,NA,NA,NA,NA,NA,NA,NA,NA,NA,NA,NA,NA,NA,NA,NA,NA,NA,NA,NA,NA,NA,NA,NA,NA,NA,NA,NA,NA,NA,NA,NA,NA,NA,NA,NA,5.5,NA,NA,NA,NA,NA,NA,NA,NA,NA,4.5,NA,NA,NA,NA,4.4,4.2,NA,NA,NA
"132","Cause of death, by communicable diseases and maternal, prenatal and nutrition conditions (% of total)","SH.DTH.COMM.ZS","Mongolia","MNG",NA,NA,NA,NA,NA,NA,NA,NA,NA,NA,NA,NA,NA,NA,NA,NA,NA,NA,NA,NA,NA,NA,NA,NA,NA,NA,NA,NA,NA,NA,NA,NA,NA,NA,NA,NA,NA,NA,NA,NA,17.7,NA,NA,NA,NA,NA,NA,NA,NA,NA,12,NA,NA,NA,NA,10.2,9.7,NA,NA,NA
"133","Cause of death, by communicable diseases and maternal, prenatal and nutrition conditions (% of total)","SH.DTH.COMM.ZS","Montenegro","MNE",NA,NA,NA,NA,NA,NA,NA,NA,NA,NA,NA,NA,NA,NA,NA,NA,NA,NA,NA,NA,NA,NA,NA,NA,NA,NA,NA,NA,NA,NA,NA,NA,NA,NA,NA,NA,NA,NA,NA,NA,2.5,NA,NA,NA,NA,NA,NA,NA,NA,NA,1.7,NA,NA,NA,NA,1.5,1.4,NA,NA,NA
"134","Cause of death, by communicable diseases and maternal, prenatal and nutrition conditions (% of total)","SH.DTH.COMM.ZS","Morocco","MAR",NA,NA,NA,NA,NA,NA,NA,NA,NA,NA,NA,NA,NA,NA,NA,NA,NA,NA,NA,NA,NA,NA,NA,NA,NA,NA,NA,NA,NA,NA,NA,NA,NA,NA,NA,NA,NA,NA,NA,NA,21.9,NA,NA,NA,NA,NA,NA,NA,NA,NA,17.3,NA,NA,NA,NA,14.6,14,NA,NA,NA
"135","Cause of death, by communicable diseases and maternal, prenatal and nutrition conditions (% of total)","SH.DTH.COMM.ZS","Mozambique","MOZ",NA,NA,NA,NA,NA,NA,NA,NA,NA,NA,NA,NA,NA,NA,NA,NA,NA,NA,NA,NA,NA,NA,NA,NA,NA,NA,NA,NA,NA,NA,NA,NA,NA,NA,NA,NA,NA,NA,NA,NA,71.7,NA,NA,NA,NA,NA,NA,NA,NA,NA,70.6,NA,NA,NA,NA,67.1,65.3,NA,NA,NA
"136","Cause of death, by communicable diseases and maternal, prenatal and nutrition conditions (% of total)","SH.DTH.COMM.ZS","Myanmar","MMR",NA,NA,NA,NA,NA,NA,NA,NA,NA,NA,NA,NA,NA,NA,NA,NA,NA,NA,NA,NA,NA,NA,NA,NA,NA,NA,NA,NA,NA,NA,NA,NA,NA,NA,NA,NA,NA,NA,NA,NA,45.1,NA,NA,NA,NA,NA,NA,NA,NA,NA,31.4,NA,NA,NA,NA,24.7,23.6,NA,NA,NA
"137","Cause of death, by communicable diseases and maternal, prenatal and nutrition conditions (% of total)","SH.DTH.COMM.ZS","Namibia","NAM",NA,NA,NA,NA,NA,NA,NA,NA,NA,NA,NA,NA,NA,NA,NA,NA,NA,NA,NA,NA,NA,NA,NA,NA,NA,NA,NA,NA,NA,NA,NA,NA,NA,NA,NA,NA,NA,NA,NA,NA,62.1,NA,NA,NA,NA,NA,NA,NA,NA,NA,53.2,NA,NA,NA,NA,49.7,49.3,NA,NA,NA
"139","Cause of death, by communicable diseases and maternal, prenatal and nutrition conditions (% of total)","SH.DTH.COMM.ZS","Nepal","NPL",NA,NA,NA,NA,NA,NA,NA,NA,NA,NA,NA,NA,NA,NA,NA,NA,NA,NA,NA,NA,NA,NA,NA,NA,NA,NA,NA,NA,NA,NA,NA,NA,NA,NA,NA,NA,NA,NA,NA,NA,47.6,NA,NA,NA,NA,NA,NA,NA,NA,NA,32.1,NA,NA,NA,NA,24.4,25,NA,NA,NA
"140","Cause of death, by communicable diseases and maternal, prenatal and nutrition conditions (% of total)","SH.DTH.COMM.ZS","Netherlands","NLD",NA,NA,NA,NA,NA,NA,NA,NA,NA,NA,NA,NA,NA,NA,NA,NA,NA,NA,NA,NA,NA,NA,NA,NA,NA,NA,NA,NA,NA,NA,NA,NA,NA,NA,NA,NA,NA,NA,NA,NA,7.2,NA,NA,NA,NA,NA,NA,NA,NA,NA,6.4,NA,NA,NA,NA,5.8,5.2,NA,NA,NA
"142","Cause of death, by communicable diseases and maternal, prenatal and nutrition conditions (% of total)","SH.DTH.COMM.ZS","New Zealand","NZL",NA,NA,NA,NA,NA,NA,NA,NA,NA,NA,NA,NA,NA,NA,NA,NA,NA,NA,NA,NA,NA,NA,NA,NA,NA,NA,NA,NA,NA,NA,NA,NA,NA,NA,NA,NA,NA,NA,NA,NA,2.7,NA,NA,NA,NA,NA,NA,NA,NA,NA,3.5,NA,NA,NA,NA,4.4,4.6,NA,NA,NA
"143","Cause of death, by communicable diseases and maternal, prenatal and nutrition conditions (% of total)","SH.DTH.COMM.ZS","Nicaragua","NIC",NA,NA,NA,NA,NA,NA,NA,NA,NA,NA,NA,NA,NA,NA,NA,NA,NA,NA,NA,NA,NA,NA,NA,NA,NA,NA,NA,NA,NA,NA,NA,NA,NA,NA,NA,NA,NA,NA,NA,NA,22.5,NA,NA,NA,NA,NA,NA,NA,NA,NA,14.6,NA,NA,NA,NA,11.4,10.9,NA,NA,NA
"144","Cause of death, by communicable diseases and maternal, prenatal and nutrition conditions (% of total)","SH.DTH.COMM.ZS","Niger","NER",NA,NA,NA,NA,NA,NA,NA,NA,NA,NA,NA,NA,NA,NA,NA,NA,NA,NA,NA,NA,NA,NA,NA,NA,NA,NA,NA,NA,NA,NA,NA,NA,NA,NA,NA,NA,NA,NA,NA,NA,77.7,NA,NA,NA,NA,NA,NA,NA,NA,NA,67.7,NA,NA,NA,NA,63.3,62.7,NA,NA,NA
"145","Cause of death, by communicable diseases and maternal, prenatal and nutrition conditions (% of total)","SH.DTH.COMM.ZS","Nigeria","NGA",NA,NA,NA,NA,NA,NA,NA,NA,NA,NA,NA,NA,NA,NA,NA,NA,NA,NA,NA,NA,NA,NA,NA,NA,NA,NA,NA,NA,NA,NA,NA,NA,NA,NA,NA,NA,NA,NA,NA,NA,72.1,NA,NA,NA,NA,NA,NA,NA,NA,NA,67,NA,NA,NA,NA,63.5,62.7,NA,NA,NA
"146","Cause of death, by communicable diseases and maternal, prenatal and nutrition conditions (% of total)","SH.DTH.COMM.ZS","North Macedonia","MKD",NA,NA,NA,NA,NA,NA,NA,NA,NA,NA,NA,NA,NA,NA,NA,NA,NA,NA,NA,NA,NA,NA,NA,NA,NA,NA,NA,NA,NA,NA,NA,NA,NA,NA,NA,NA,NA,NA,NA,NA,3.4,NA,NA,NA,NA,NA,NA,NA,NA,NA,1.9,NA,NA,NA,NA,1.9,1.9,NA,NA,NA
"148","Cause of death, by communicable diseases and maternal, prenatal and nutrition conditions (% of total)","SH.DTH.COMM.ZS","Norway","NOR",NA,NA,NA,NA,NA,NA,NA,NA,NA,NA,NA,NA,NA,NA,NA,NA,NA,NA,NA,NA,NA,NA,NA,NA,NA,NA,NA,NA,NA,NA,NA,NA,NA,NA,NA,NA,NA,NA,NA,NA,7.4,NA,NA,NA,NA,NA,NA,NA,NA,NA,6.8,NA,NA,NA,NA,7.4,7.3,NA,NA,NA
"149","Cause of death, by communicable diseases and maternal, prenatal and nutrition conditions (% of total)","SH.DTH.COMM.ZS","Oman","OMN",NA,NA,NA,NA,NA,NA,NA,NA,NA,NA,NA,NA,NA,NA,NA,NA,NA,NA,NA,NA,NA,NA,NA,NA,NA,NA,NA,NA,NA,NA,NA,NA,NA,NA,NA,NA,NA,NA,NA,NA,15.5,NA,NA,NA,NA,NA,NA,NA,NA,NA,11.5,NA,NA,NA,NA,10.8,10.5,NA,NA,NA
"150","Cause of death, by communicable diseases and maternal, prenatal and nutrition conditions (% of total)","SH.DTH.COMM.ZS","Pakistan","PAK",NA,NA,NA,NA,NA,NA,NA,NA,NA,NA,NA,NA,NA,NA,NA,NA,NA,NA,NA,NA,NA,NA,NA,NA,NA,NA,NA,NA,NA,NA,NA,NA,NA,NA,NA,NA,NA,NA,NA,NA,48.1,NA,NA,NA,NA,NA,NA,NA,NA,NA,39.1,NA,NA,NA,NA,35.3,34.9,NA,NA,NA
"152","Cause of death, by communicable diseases and maternal, prenatal and nutrition conditions (% of total)","SH.DTH.COMM.ZS","Panama","PAN",NA,NA,NA,NA,NA,NA,NA,NA,NA,NA,NA,NA,NA,NA,NA,NA,NA,NA,NA,NA,NA,NA,NA,NA,NA,NA,NA,NA,NA,NA,NA,NA,NA,NA,NA,NA,NA,NA,NA,NA,19.5,NA,NA,NA,NA,NA,NA,NA,NA,NA,17.8,NA,NA,NA,NA,14.9,15.6,NA,NA,NA
"153","Cause of death, by communicable diseases and maternal, prenatal and nutrition conditions (% of total)","SH.DTH.COMM.ZS","Papua New Guinea","PNG",NA,NA,NA,NA,NA,NA,NA,NA,NA,NA,NA,NA,NA,NA,NA,NA,NA,NA,NA,NA,NA,NA,NA,NA,NA,NA,NA,NA,NA,NA,NA,NA,NA,NA,NA,NA,NA,NA,NA,NA,51.3,NA,NA,NA,NA,NA,NA,NA,NA,NA,46.1,NA,NA,NA,NA,36.8,36.1,NA,NA,NA
"154","Cause of death, by communicable diseases and maternal, prenatal and nutrition conditions (% of total)","SH.DTH.COMM.ZS","Paraguay","PRY",NA,NA,NA,NA,NA,NA,NA,NA,NA,NA,NA,NA,NA,NA,NA,NA,NA,NA,NA,NA,NA,NA,NA,NA,NA,NA,NA,NA,NA,NA,NA,NA,NA,NA,NA,NA,NA,NA,NA,NA,21.6,NA,NA,NA,NA,NA,NA,NA,NA,NA,15.6,NA,NA,NA,NA,13.9,13.7,NA,NA,NA
"155","Cause of death, by communicable diseases and maternal, prenatal and nutrition conditions (% of total)","SH.DTH.COMM.ZS","Peru","PER",NA,NA,NA,NA,NA,NA,NA,NA,NA,NA,NA,NA,NA,NA,NA,NA,NA,NA,NA,NA,NA,NA,NA,NA,NA,NA,NA,NA,NA,NA,NA,NA,NA,NA,NA,NA,NA,NA,NA,NA,31.5,NA,NA,NA,NA,NA,NA,NA,NA,NA,22.9,NA,NA,NA,NA,20.7,20.3,NA,NA,NA
"156","Cause of death, by communicable diseases and maternal, prenatal and nutrition conditions (% of total)","SH.DTH.COMM.ZS","Philippines","PHL",NA,NA,NA,NA,NA,NA,NA,NA,NA,NA,NA,NA,NA,NA,NA,NA,NA,NA,NA,NA,NA,NA,NA,NA,NA,NA,NA,NA,NA,NA,NA,NA,NA,NA,NA,NA,NA,NA,NA,NA,33.8,NA,NA,NA,NA,NA,NA,NA,NA,NA,26.8,NA,NA,NA,NA,25.4,25.2,NA,NA,NA
"157","Cause of death, by communicable diseases and maternal, prenatal and nutrition conditions (% of total)","SH.DTH.COMM.ZS","Poland","POL",NA,NA,NA,NA,NA,NA,NA,NA,NA,NA,NA,NA,NA,NA,NA,NA,NA,NA,NA,NA,NA,NA,NA,NA,NA,NA,NA,NA,NA,NA,NA,NA,NA,NA,NA,NA,NA,NA,NA,NA,4,NA,NA,NA,NA,NA,NA,NA,NA,NA,3.9,NA,NA,NA,NA,4.8,5,NA,NA,NA
"158","Cause of death, by communicable diseases and maternal, prenatal and nutrition conditions (% of total)","SH.DTH.COMM.ZS","Portugal","PRT",NA,NA,NA,NA,NA,NA,NA,NA,NA,NA,NA,NA,NA,NA,NA,NA,NA,NA,NA,NA,NA,NA,NA,NA,NA,NA,NA,NA,NA,NA,NA,NA,NA,NA,NA,NA,NA,NA,NA,NA,8.4,NA,NA,NA,NA,NA,NA,NA,NA,NA,9.1,NA,NA,NA,NA,10,10.2,NA,NA,NA
"160","Cause of death, by communicable diseases and maternal, prenatal and nutrition conditions (% of total)","SH.DTH.COMM.ZS","Qatar","QAT",NA,NA,NA,NA,NA,NA,NA,NA,NA,NA,NA,NA,NA,NA,NA,NA,NA,NA,NA,NA,NA,NA,NA,NA,NA,NA,NA,NA,NA,NA,NA,NA,NA,NA,NA,NA,NA,NA,NA,NA,8.8,NA,NA,NA,NA,NA,NA,NA,NA,NA,5.5,NA,NA,NA,NA,5.3,5.2,NA,NA,NA
"161","Cause of death, by communicable diseases and maternal, prenatal and nutrition conditions (% of total)","SH.DTH.COMM.ZS","Romania","ROU",NA,NA,NA,NA,NA,NA,NA,NA,NA,NA,NA,NA,NA,NA,NA,NA,NA,NA,NA,NA,NA,NA,NA,NA,NA,NA,NA,NA,NA,NA,NA,NA,NA,NA,NA,NA,NA,NA,NA,NA,4.7,NA,NA,NA,NA,NA,NA,NA,NA,NA,3.5,NA,NA,NA,NA,4.1,4.2,NA,NA,NA
"162","Cause of death, by communicable diseases and maternal, prenatal and nutrition conditions (% of total)","SH.DTH.COMM.ZS","Russian Federation","RUS",NA,NA,NA,NA,NA,NA,NA,NA,NA,NA,NA,NA,NA,NA,NA,NA,NA,NA,NA,NA,NA,NA,NA,NA,NA,NA,NA,NA,NA,NA,NA,NA,NA,NA,NA,NA,NA,NA,NA,NA,4.4,NA,NA,NA,NA,NA,NA,NA,NA,NA,4.6,NA,NA,NA,NA,5.1,4.8,NA,NA,NA
"163","Cause of death, by communicable diseases and maternal, prenatal and nutrition conditions (% of total)","SH.DTH.COMM.ZS","Rwanda","RWA",NA,NA,NA,NA,NA,NA,NA,NA,NA,NA,NA,NA,NA,NA,NA,NA,NA,NA,NA,NA,NA,NA,NA,NA,NA,NA,NA,NA,NA,NA,NA,NA,NA,NA,NA,NA,NA,NA,NA,NA,66.8,NA,NA,NA,NA,NA,NA,NA,NA,NA,52.5,NA,NA,NA,NA,43.7,42.4,NA,NA,NA
"164","Cause of death, by communicable diseases and maternal, prenatal and nutrition conditions (% of total)","SH.DTH.COMM.ZS","Samoa","WSM",NA,NA,NA,NA,NA,NA,NA,NA,NA,NA,NA,NA,NA,NA,NA,NA,NA,NA,NA,NA,NA,NA,NA,NA,NA,NA,NA,NA,NA,NA,NA,NA,NA,NA,NA,NA,NA,NA,NA,NA,15.5,NA,NA,NA,NA,NA,NA,NA,NA,NA,13.4,NA,NA,NA,NA,12.4,12,NA,NA,NA
"166","Cause of death, by communicable diseases and maternal, prenatal and nutrition conditions (% of total)","SH.DTH.COMM.ZS","Sao Tome and Principe","STP",NA,NA,NA,NA,NA,NA,NA,NA,NA,NA,NA,NA,NA,NA,NA,NA,NA,NA,NA,NA,NA,NA,NA,NA,NA,NA,NA,NA,NA,NA,NA,NA,NA,NA,NA,NA,NA,NA,NA,NA,51.5,NA,NA,NA,NA,NA,NA,NA,NA,NA,41.7,NA,NA,NA,NA,34.7,33.9,NA,NA,NA
"167","Cause of death, by communicable diseases and maternal, prenatal and nutrition conditions (% of total)","SH.DTH.COMM.ZS","Saudi Arabia","SAU",NA,NA,NA,NA,NA,NA,NA,NA,NA,NA,NA,NA,NA,NA,NA,NA,NA,NA,NA,NA,NA,NA,NA,NA,NA,NA,NA,NA,NA,NA,NA,NA,NA,NA,NA,NA,NA,NA,NA,NA,17.5,NA,NA,NA,NA,NA,NA,NA,NA,NA,12.6,NA,NA,NA,NA,10.8,10.6,NA,NA,NA
"168","Cause of death, by communicable diseases and maternal, prenatal and nutrition conditions (% of total)","SH.DTH.COMM.ZS","Senegal","SEN",NA,NA,NA,NA,NA,NA,NA,NA,NA,NA,NA,NA,NA,NA,NA,NA,NA,NA,NA,NA,NA,NA,NA,NA,NA,NA,NA,NA,NA,NA,NA,NA,NA,NA,NA,NA,NA,NA,NA,NA,62.8,NA,NA,NA,NA,NA,NA,NA,NA,NA,50.4,NA,NA,NA,NA,46.2,45.7,NA,NA,NA
"169","Cause of death, by communicable diseases and maternal, prenatal and nutrition conditions (% of total)","SH.DTH.COMM.ZS","Serbia","SRB",NA,NA,NA,NA,NA,NA,NA,NA,NA,NA,NA,NA,NA,NA,NA,NA,NA,NA,NA,NA,NA,NA,NA,NA,NA,NA,NA,NA,NA,NA,NA,NA,NA,NA,NA,NA,NA,NA,NA,NA,2.8,NA,NA,NA,NA,NA,NA,NA,NA,NA,1.7,NA,NA,NA,NA,2.6,2.4,NA,NA,NA
"170","Cause of death, by communicable diseases and maternal, prenatal and nutrition conditions (% of total)","SH.DTH.COMM.ZS","Seychelles","SYC",NA,NA,NA,NA,NA,NA,NA,NA,NA,NA,NA,NA,NA,NA,NA,NA,NA,NA,NA,NA,NA,NA,NA,NA,NA,NA,NA,NA,NA,NA,NA,NA,NA,NA,NA,NA,NA,NA,NA,NA,12.3,NA,NA,NA,NA,NA,NA,NA,NA,NA,12.3,NA,NA,NA,NA,12.1,11.9,NA,NA,NA
"171","Cause of death, by communicable diseases and maternal, prenatal and nutrition conditions (% of total)","SH.DTH.COMM.ZS","Sierra Leone","SLE",NA,NA,NA,NA,NA,NA,NA,NA,NA,NA,NA,NA,NA,NA,NA,NA,NA,NA,NA,NA,NA,NA,NA,NA,NA,NA,NA,NA,NA,NA,NA,NA,NA,NA,NA,NA,NA,NA,NA,NA,70.1,NA,NA,NA,NA,NA,NA,NA,NA,NA,65,NA,NA,NA,NA,61.8,57.9,NA,NA,NA
"172","Cause of death, by communicable diseases and maternal, prenatal and nutrition conditions (% of total)","SH.DTH.COMM.ZS","Singapore","SGP",NA,NA,NA,NA,NA,NA,NA,NA,NA,NA,NA,NA,NA,NA,NA,NA,NA,NA,NA,NA,NA,NA,NA,NA,NA,NA,NA,NA,NA,NA,NA,NA,NA,NA,NA,NA,NA,NA,NA,NA,13.9,NA,NA,NA,NA,NA,NA,NA,NA,NA,18.3,NA,NA,NA,NA,21.5,22.7,NA,NA,NA
"174","Cause of death, by communicable diseases and maternal, prenatal and nutrition conditions (% of total)","SH.DTH.COMM.ZS","Slovak Republic","SVK",NA,NA,NA,NA,NA,NA,NA,NA,NA,NA,NA,NA,NA,NA,NA,NA,NA,NA,NA,NA,NA,NA,NA,NA,NA,NA,NA,NA,NA,NA,NA,NA,NA,NA,NA,NA,NA,NA,NA,NA,4.2,NA,NA,NA,NA,NA,NA,NA,NA,NA,5,NA,NA,NA,NA,4.7,4.8,NA,NA,NA
"175","Cause of death, by communicable diseases and maternal, prenatal and nutrition conditions (% of total)","SH.DTH.COMM.ZS","Slovenia","SVN",NA,NA,NA,NA,NA,NA,NA,NA,NA,NA,NA,NA,NA,NA,NA,NA,NA,NA,NA,NA,NA,NA,NA,NA,NA,NA,NA,NA,NA,NA,NA,NA,NA,NA,NA,NA,NA,NA,NA,NA,5.4,NA,NA,NA,NA,NA,NA,NA,NA,NA,3.8,NA,NA,NA,NA,4.7,5,NA,NA,NA
"176","Cause of death, by communicable diseases and maternal, prenatal and nutrition conditions (% of total)","SH.DTH.COMM.ZS","Solomon Islands","SLB",NA,NA,NA,NA,NA,NA,NA,NA,NA,NA,NA,NA,NA,NA,NA,NA,NA,NA,NA,NA,NA,NA,NA,NA,NA,NA,NA,NA,NA,NA,NA,NA,NA,NA,NA,NA,NA,NA,NA,NA,28,NA,NA,NA,NA,NA,NA,NA,NA,NA,25.7,NA,NA,NA,NA,22,22.2,NA,NA,NA
"177","Cause of death, by communicable diseases and maternal, prenatal and nutrition conditions (% of total)","SH.DTH.COMM.ZS","Somalia","SOM",NA,NA,NA,NA,NA,NA,NA,NA,NA,NA,NA,NA,NA,NA,NA,NA,NA,NA,NA,NA,NA,NA,NA,NA,NA,NA,NA,NA,NA,NA,NA,NA,NA,NA,NA,NA,NA,NA,NA,NA,75.6,NA,NA,NA,NA,NA,NA,NA,NA,NA,68.8,NA,NA,NA,NA,66.7,64.2,NA,NA,NA
"178","Cause of death, by communicable diseases and maternal, prenatal and nutrition conditions (% of total)","SH.DTH.COMM.ZS","South Africa","ZAF",NA,NA,NA,NA,NA,NA,NA,NA,NA,NA,NA,NA,NA,NA,NA,NA,NA,NA,NA,NA,NA,NA,NA,NA,NA,NA,NA,NA,NA,NA,NA,NA,NA,NA,NA,NA,NA,NA,NA,NA,48.5,NA,NA,NA,NA,NA,NA,NA,NA,NA,52.2,NA,NA,NA,NA,39.8,39.6,NA,NA,NA
"179","Cause of death, by communicable diseases and maternal, prenatal and nutrition conditions (% of total)","SH.DTH.COMM.ZS","South Sudan","SSD",NA,NA,NA,NA,NA,NA,NA,NA,NA,NA,NA,NA,NA,NA,NA,NA,NA,NA,NA,NA,NA,NA,NA,NA,NA,NA,NA,NA,NA,NA,NA,NA,NA,NA,NA,NA,NA,NA,NA,NA,73.8,NA,NA,NA,NA,NA,NA,NA,NA,NA,68.8,NA,NA,NA,NA,64.5,63.4,NA,NA,NA
"180","Cause of death, by communicable diseases and maternal, prenatal and nutrition conditions (% of total)","SH.DTH.COMM.ZS","Spain","ESP",NA,NA,NA,NA,NA,NA,NA,NA,NA,NA,NA,NA,NA,NA,NA,NA,NA,NA,NA,NA,NA,NA,NA,NA,NA,NA,NA,NA,NA,NA,NA,NA,NA,NA,NA,NA,NA,NA,NA,NA,4.7,NA,NA,NA,NA,NA,NA,NA,NA,NA,4.4,NA,NA,NA,NA,5.2,5.1,NA,NA,NA
"181","Cause of death, by communicable diseases and maternal, prenatal and nutrition conditions (% of total)","SH.DTH.COMM.ZS","Sri Lanka","LKA",NA,NA,NA,NA,NA,NA,NA,NA,NA,NA,NA,NA,NA,NA,NA,NA,NA,NA,NA,NA,NA,NA,NA,NA,NA,NA,NA,NA,NA,NA,NA,NA,NA,NA,NA,NA,NA,NA,NA,NA,10.2,NA,NA,NA,NA,NA,NA,NA,NA,NA,8.2,NA,NA,NA,NA,7.6,7.5,NA,NA,NA
"183","Cause of death, by communicable diseases and maternal, prenatal and nutrition conditions (% of total)","SH.DTH.COMM.ZS","St. Lucia","LCA",NA,NA,NA,NA,NA,NA,NA,NA,NA,NA,NA,NA,NA,NA,NA,NA,NA,NA,NA,NA,NA,NA,NA,NA,NA,NA,NA,NA,NA,NA,NA,NA,NA,NA,NA,NA,NA,NA,NA,NA,12.5,NA,NA,NA,NA,NA,NA,NA,NA,NA,8.9,NA,NA,NA,NA,9.8,9.7,NA,NA,NA
"185","Cause of death, by communicable diseases and maternal, prenatal and nutrition conditions (% of total)","SH.DTH.COMM.ZS","St. Vincent and the Grenadines","VCT",NA,NA,NA,NA,NA,NA,NA,NA,NA,NA,NA,NA,NA,NA,NA,NA,NA,NA,NA,NA,NA,NA,NA,NA,NA,NA,NA,NA,NA,NA,NA,NA,NA,NA,NA,NA,NA,NA,NA,NA,16.1,NA,NA,NA,NA,NA,NA,NA,NA,NA,16.5,NA,NA,NA,NA,14,13.4,NA,NA,NA
"186","Cause of death, by communicable diseases and maternal, prenatal and nutrition conditions (% of total)","SH.DTH.COMM.ZS","Sudan","SDN",NA,NA,NA,NA,NA,NA,NA,NA,NA,NA,NA,NA,NA,NA,NA,NA,NA,NA,NA,NA,NA,NA,NA,NA,NA,NA,NA,NA,NA,NA,NA,NA,NA,NA,NA,NA,NA,NA,NA,NA,49.6,NA,NA,NA,NA,NA,NA,NA,NA,NA,41.9,NA,NA,NA,NA,36.6,35.2,NA,NA,NA
"187","Cause of death, by communicable diseases and maternal, prenatal and nutrition conditions (% of total)","SH.DTH.COMM.ZS","Suriname","SUR",NA,NA,NA,NA,NA,NA,NA,NA,NA,NA,NA,NA,NA,NA,NA,NA,NA,NA,NA,NA,NA,NA,NA,NA,NA,NA,NA,NA,NA,NA,NA,NA,NA,NA,NA,NA,NA,NA,NA,NA,18.7,NA,NA,NA,NA,NA,NA,NA,NA,NA,15.1,NA,NA,NA,NA,13.7,13.3,NA,NA,NA
"188","Cause of death, by communicable diseases and maternal, prenatal and nutrition conditions (% of total)","SH.DTH.COMM.ZS","Sweden","SWE",NA,NA,NA,NA,NA,NA,NA,NA,NA,NA,NA,NA,NA,NA,NA,NA,NA,NA,NA,NA,NA,NA,NA,NA,NA,NA,NA,NA,NA,NA,NA,NA,NA,NA,NA,NA,NA,NA,NA,NA,5.5,NA,NA,NA,NA,NA,NA,NA,NA,NA,4.5,NA,NA,NA,NA,5.8,5.2,NA,NA,NA
"189","Cause of death, by communicable diseases and maternal, prenatal and nutrition conditions (% of total)","SH.DTH.COMM.ZS","Switzerland","CHE",NA,NA,NA,NA,NA,NA,NA,NA,NA,NA,NA,NA,NA,NA,NA,NA,NA,NA,NA,NA,NA,NA,NA,NA,NA,NA,NA,NA,NA,NA,NA,NA,NA,NA,NA,NA,NA,NA,NA,NA,5.3,NA,NA,NA,NA,NA,NA,NA,NA,NA,3.6,NA,NA,NA,NA,4.5,4.3,NA,NA,NA
"190","Cause of death, by communicable diseases and maternal, prenatal and nutrition conditions (% of total)","SH.DTH.COMM.ZS","Syrian Arab Republic","SYR",NA,NA,NA,NA,NA,NA,NA,NA,NA,NA,NA,NA,NA,NA,NA,NA,NA,NA,NA,NA,NA,NA,NA,NA,NA,NA,NA,NA,NA,NA,NA,NA,NA,NA,NA,NA,NA,NA,NA,NA,16.3,NA,NA,NA,NA,NA,NA,NA,NA,NA,10.1,NA,NA,NA,NA,5,5.1,NA,NA,NA
"191","Cause of death, by communicable diseases and maternal, prenatal and nutrition conditions (% of total)","SH.DTH.COMM.ZS","Tajikistan","TJK",NA,NA,NA,NA,NA,NA,NA,NA,NA,NA,NA,NA,NA,NA,NA,NA,NA,NA,NA,NA,NA,NA,NA,NA,NA,NA,NA,NA,NA,NA,NA,NA,NA,NA,NA,NA,NA,NA,NA,NA,40,NA,NA,NA,NA,NA,NA,NA,NA,NA,27.3,NA,NA,NA,NA,24,23.2,NA,NA,NA
"192","Cause of death, by communicable diseases and maternal, prenatal and nutrition conditions (% of total)","SH.DTH.COMM.ZS","Tanzania","TZA",NA,NA,NA,NA,NA,NA,NA,NA,NA,NA,NA,NA,NA,NA,NA,NA,NA,NA,NA,NA,NA,NA,NA,NA,NA,NA,NA,NA,NA,NA,NA,NA,NA,NA,NA,NA,NA,NA,NA,NA,73.5,NA,NA,NA,NA,NA,NA,NA,NA,NA,65.4,NA,NA,NA,NA,57.2,55.8,NA,NA,NA
"193","Cause of death, by communicable diseases and maternal, prenatal and nutrition conditions (% of total)","SH.DTH.COMM.ZS","Thailand","THA",NA,NA,NA,NA,NA,NA,NA,NA,NA,NA,NA,NA,NA,NA,NA,NA,NA,NA,NA,NA,NA,NA,NA,NA,NA,NA,NA,NA,NA,NA,NA,NA,NA,NA,NA,NA,NA,NA,NA,NA,23.9,NA,NA,NA,NA,NA,NA,NA,NA,NA,17.4,NA,NA,NA,NA,16.1,15.8,NA,NA,NA
"194","Cause of death, by communicable diseases and maternal, prenatal and nutrition conditions (% of total)","SH.DTH.COMM.ZS","Timor-Leste","TLS",NA,NA,NA,NA,NA,NA,NA,NA,NA,NA,NA,NA,NA,NA,NA,NA,NA,NA,NA,NA,NA,NA,NA,NA,NA,NA,NA,NA,NA,NA,NA,NA,NA,NA,NA,NA,NA,NA,NA,NA,63.1,NA,NA,NA,NA,NA,NA,NA,NA,NA,47.1,NA,NA,NA,NA,47,45.6,NA,NA,NA
"195","Cause of death, by communicable diseases and maternal, prenatal and nutrition conditions (% of total)","SH.DTH.COMM.ZS","Togo","TGO",NA,NA,NA,NA,NA,NA,NA,NA,NA,NA,NA,NA,NA,NA,NA,NA,NA,NA,NA,NA,NA,NA,NA,NA,NA,NA,NA,NA,NA,NA,NA,NA,NA,NA,NA,NA,NA,NA,NA,NA,64,NA,NA,NA,NA,NA,NA,NA,NA,NA,58.4,NA,NA,NA,NA,53.1,51.7,NA,NA,NA
"196","Cause of death, by communicable diseases and maternal, prenatal and nutrition conditions (% of total)","SH.DTH.COMM.ZS","Tonga","TON",NA,NA,NA,NA,NA,NA,NA,NA,NA,NA,NA,NA,NA,NA,NA,NA,NA,NA,NA,NA,NA,NA,NA,NA,NA,NA,NA,NA,NA,NA,NA,NA,NA,NA,NA,NA,NA,NA,NA,NA,13.5,NA,NA,NA,NA,NA,NA,NA,NA,NA,12.5,NA,NA,NA,NA,11.9,11.7,NA,NA,NA
"197","Cause of death, by communicable diseases and maternal, prenatal and nutrition conditions (% of total)","SH.DTH.COMM.ZS","Trinidad and Tobago","TTO",NA,NA,NA,NA,NA,NA,NA,NA,NA,NA,NA,NA,NA,NA,NA,NA,NA,NA,NA,NA,NA,NA,NA,NA,NA,NA,NA,NA,NA,NA,NA,NA,NA,NA,NA,NA,NA,NA,NA,NA,14.4,NA,NA,NA,NA,NA,NA,NA,NA,NA,9.1,NA,NA,NA,NA,9.1,9,NA,NA,NA
"198","Cause of death, by communicable diseases and maternal, prenatal and nutrition conditions (% of total)","SH.DTH.COMM.ZS","Tunisia","TUN",NA,NA,NA,NA,NA,NA,NA,NA,NA,NA,NA,NA,NA,NA,NA,NA,NA,NA,NA,NA,NA,NA,NA,NA,NA,NA,NA,NA,NA,NA,NA,NA,NA,NA,NA,NA,NA,NA,NA,NA,12.4,NA,NA,NA,NA,NA,NA,NA,NA,NA,8.7,NA,NA,NA,NA,7.9,7.8,NA,NA,NA
"199","Cause of death, by communicable diseases and maternal, prenatal and nutrition conditions (% of total)","SH.DTH.COMM.ZS","Turkey","TUR",NA,NA,NA,NA,NA,NA,NA,NA,NA,NA,NA,NA,NA,NA,NA,NA,NA,NA,NA,NA,NA,NA,NA,NA,NA,NA,NA,NA,NA,NA,NA,NA,NA,NA,NA,NA,NA,NA,NA,NA,10.4,NA,NA,NA,NA,NA,NA,NA,NA,NA,5.7,NA,NA,NA,NA,4.6,4.4,NA,NA,NA
"200","Cause of death, by communicable diseases and maternal, prenatal and nutrition conditions (% of total)","SH.DTH.COMM.ZS","Turkmenistan","TKM",NA,NA,NA,NA,NA,NA,NA,NA,NA,NA,NA,NA,NA,NA,NA,NA,NA,NA,NA,NA,NA,NA,NA,NA,NA,NA,NA,NA,NA,NA,NA,NA,NA,NA,NA,NA,NA,NA,NA,NA,25.5,NA,NA,NA,NA,NA,NA,NA,NA,NA,20.5,NA,NA,NA,NA,17.5,17.2,NA,NA,NA
"203","Cause of death, by communicable diseases and maternal, prenatal and nutrition conditions (% of total)","SH.DTH.COMM.ZS","Uganda","UGA",NA,NA,NA,NA,NA,NA,NA,NA,NA,NA,NA,NA,NA,NA,NA,NA,NA,NA,NA,NA,NA,NA,NA,NA,NA,NA,NA,NA,NA,NA,NA,NA,NA,NA,NA,NA,NA,NA,NA,NA,76.8,NA,NA,NA,NA,NA,NA,NA,NA,NA,64.5,NA,NA,NA,NA,55.7,54.5,NA,NA,NA
"204","Cause of death, by communicable diseases and maternal, prenatal and nutrition conditions (% of total)","SH.DTH.COMM.ZS","Ukraine","UKR",NA,NA,NA,NA,NA,NA,NA,NA,NA,NA,NA,NA,NA,NA,NA,NA,NA,NA,NA,NA,NA,NA,NA,NA,NA,NA,NA,NA,NA,NA,NA,NA,NA,NA,NA,NA,NA,NA,NA,NA,4,NA,NA,NA,NA,NA,NA,NA,NA,NA,4.9,NA,NA,NA,NA,3.7,4.1,NA,NA,NA
"205","Cause of death, by communicable diseases and maternal, prenatal and nutrition conditions (% of total)","SH.DTH.COMM.ZS","United Arab Emirates","ARE",NA,NA,NA,NA,NA,NA,NA,NA,NA,NA,NA,NA,NA,NA,NA,NA,NA,NA,NA,NA,NA,NA,NA,NA,NA,NA,NA,NA,NA,NA,NA,NA,NA,NA,NA,NA,NA,NA,NA,NA,10.6,NA,NA,NA,NA,NA,NA,NA,NA,NA,7.5,NA,NA,NA,NA,6.6,6.5,NA,NA,NA
"206","Cause of death, by communicable diseases and maternal, prenatal and nutrition conditions (% of total)","SH.DTH.COMM.ZS","United Kingdom","GBR",NA,NA,NA,NA,NA,NA,NA,NA,NA,NA,NA,NA,NA,NA,NA,NA,NA,NA,NA,NA,NA,NA,NA,NA,NA,NA,NA,NA,NA,NA,NA,NA,NA,NA,NA,NA,NA,NA,NA,NA,11.8,NA,NA,NA,NA,NA,NA,NA,NA,NA,7.3,NA,NA,NA,NA,8,7.7,NA,NA,NA
"207","Cause of death, by communicable diseases and maternal, prenatal and nutrition conditions (% of total)","SH.DTH.COMM.ZS","United States","USA",NA,NA,NA,NA,NA,NA,NA,NA,NA,NA,NA,NA,NA,NA,NA,NA,NA,NA,NA,NA,NA,NA,NA,NA,NA,NA,NA,NA,NA,NA,NA,NA,NA,NA,NA,NA,NA,NA,NA,NA,6.1,NA,NA,NA,NA,NA,NA,NA,NA,NA,5.4,NA,NA,NA,NA,5.4,5.2,NA,NA,NA
"208","Cause of death, by communicable diseases and maternal, prenatal and nutrition conditions (% of total)","SH.DTH.COMM.ZS","Uruguay","URY",NA,NA,NA,NA,NA,NA,NA,NA,NA,NA,NA,NA,NA,NA,NA,NA,NA,NA,NA,NA,NA,NA,NA,NA,NA,NA,NA,NA,NA,NA,NA,NA,NA,NA,NA,NA,NA,NA,NA,NA,7.4,NA,NA,NA,NA,NA,NA,NA,NA,NA,8.1,NA,NA,NA,NA,7.2,7.6,NA,NA,NA
"209","Cause of death, by communicable diseases and maternal, prenatal and nutrition conditions (% of total)","SH.DTH.COMM.ZS","Uzbekistan","UZB",NA,NA,NA,NA,NA,NA,NA,NA,NA,NA,NA,NA,NA,NA,NA,NA,NA,NA,NA,NA,NA,NA,NA,NA,NA,NA,NA,NA,NA,NA,NA,NA,NA,NA,NA,NA,NA,NA,NA,NA,23.4,NA,NA,NA,NA,NA,NA,NA,NA,NA,14.6,NA,NA,NA,NA,11,10.3,NA,NA,NA
"210","Cause of death, by communicable diseases and maternal, prenatal and nutrition conditions (% of total)","SH.DTH.COMM.ZS","Vanuatu","VUT",NA,NA,NA,NA,NA,NA,NA,NA,NA,NA,NA,NA,NA,NA,NA,NA,NA,NA,NA,NA,NA,NA,NA,NA,NA,NA,NA,NA,NA,NA,NA,NA,NA,NA,NA,NA,NA,NA,NA,NA,25.7,NA,NA,NA,NA,NA,NA,NA,NA,NA,21.8,NA,NA,NA,NA,18.9,18.8,NA,NA,NA
"211","Cause of death, by communicable diseases and maternal, prenatal and nutrition conditions (% of total)","SH.DTH.COMM.ZS","Venezuela, RB","VEN",NA,NA,NA,NA,NA,NA,NA,NA,NA,NA,NA,NA,NA,NA,NA,NA,NA,NA,NA,NA,NA,NA,NA,NA,NA,NA,NA,NA,NA,NA,NA,NA,NA,NA,NA,NA,NA,NA,NA,NA,14.9,NA,NA,NA,NA,NA,NA,NA,NA,NA,11.8,NA,NA,NA,NA,11.5,11.3,NA,NA,NA
"212","Cause of death, by communicable diseases and maternal, prenatal and nutrition conditions (% of total)","SH.DTH.COMM.ZS","Vietnam","VNM",NA,NA,NA,NA,NA,NA,NA,NA,NA,NA,NA,NA,NA,NA,NA,NA,NA,NA,NA,NA,NA,NA,NA,NA,NA,NA,NA,NA,NA,NA,NA,NA,NA,NA,NA,NA,NA,NA,NA,NA,20.1,NA,NA,NA,NA,NA,NA,NA,NA,NA,14.2,NA,NA,NA,NA,12,11.5,NA,NA,NA
"215","Cause of death, by communicable diseases and maternal, prenatal and nutrition conditions (% of total)","SH.DTH.COMM.ZS","Yemen, Rep.","YEM",NA,NA,NA,NA,NA,NA,NA,NA,NA,NA,NA,NA,NA,NA,NA,NA,NA,NA,NA,NA,NA,NA,NA,NA,NA,NA,NA,NA,NA,NA,NA,NA,NA,NA,NA,NA,NA,NA,NA,NA,46.7,NA,NA,NA,NA,NA,NA,NA,NA,NA,32.4,NA,NA,NA,NA,27.4,28.7,NA,NA,NA
"216","Cause of death, by communicable diseases and maternal, prenatal and nutrition conditions (% of total)","SH.DTH.COMM.ZS","Zambia","ZMB",NA,NA,NA,NA,NA,NA,NA,NA,NA,NA,NA,NA,NA,NA,NA,NA,NA,NA,NA,NA,NA,NA,NA,NA,NA,NA,NA,NA,NA,NA,NA,NA,NA,NA,NA,NA,NA,NA,NA,NA,78.2,NA,NA,NA,NA,NA,NA,NA,NA,NA,67.2,NA,NA,NA,NA,61.6,60.6,NA,NA,NA
"217","Cause of death, by communicable diseases and maternal, prenatal and nutrition conditions (% of total)","SH.DTH.COMM.ZS","Zimbabwe","ZWE",NA,NA,NA,NA,NA,NA,NA,NA,NA,NA,NA,NA,NA,NA,NA,NA,NA,NA,NA,NA,NA,NA,NA,NA,NA,NA,NA,NA,NA,NA,NA,NA,NA,NA,NA,NA,NA,NA,NA,NA,74.9,NA,NA,NA,NA,NA,NA,NA,NA,NA,67.2,NA,NA,NA,NA,56.5,54.6,NA,NA,NA
